GeneIdentifier	Start	Strand
AT1G01130	63811	-
AT1G01335	130736	+
AT1G01410	153113	+
AT1G01450	165517	-
AT1G02040	359078	-
AT1G02067	367166	-
AT1G02080	373335	+
AT1G02210	427811	-
AT1G02250	439559	-
AT1G02320	461828	+
AT1G02350	469818	+
AT1G02540	535699	-
AT1G02550	536483	+
AT1G02590	552761	-
AT1G02620	557092	+
AT1G02705	589584	+
AT1G02710	589996	-
AT1G02830	625608	-
AT1G02965	672814	-
AT1G03300	813086	-
AT1G03325	817178	-
AT1G03390	842418	-
AT1G03490	871874	+
AT1G03670	916222	-
AT1G03720	926373	-
AT1G03810	958759	+
AT1G04105	1060348	-
AT1G04455	1210269	+
AT1G04625	1289820	-
AT1G04895	1383422	-
AT1G05005	1429048	+
AT1G05035	1444983	+
AT1G05080	1459091	+
AT1G05085	1460988	+
AT1G05136	1478923	+
AT1G05615	1678270	-
AT1G05800	1741204	+
AT1G05930	1799418	+
AT1G06045	1829522	+
AT1G06925	2128611	-
AT1G07025	2158158	-
AT1G07060	2168397	-
AT1G07190	2208013	+
AT1G07500	2305031	-
AT1G07600	2339321	-
AT1G07730	2398696	-
AT1G07747	2403558	+
AT1G07860	2429431	-
AT1G07901	2444123	-
AT1G07902	2443918	+
AT1G08300	2614774	+
AT1G08645	2752595	-
AT1G08790	2811989	+
AT1G08845	2838789	+
AT1G09220	2979466	-
AT1G09360	3021802	+
AT1G09480	3057975	+
AT1G09625	3117567	-
AT1G09720	3147303	-
AT1G09900	3218133	+
AT1G09935	3235530	-
AT1G10100	3301489	-
AT1G10155	3328448	-
AT1G10230	3355675	+
AT1G10395	3412474	+
AT1G10455	3438555	+
AT1G10715	3561149	+
AT1G10717	3562180	+
AT1G10747	3574312	+
AT1G11060	3684568	+
AT1G11145	3728166	-
AT1G11340	3817420	-
AT1G11520	3873029	+
AT1G11591	3895130	+
AT1G11593	3898002	+
AT1G11620	3910833	+
AT1G11690	3941469	+
AT1G11770	3975679	+
AT1G11810	3989763	+
AT1G11970	4044370	+
AT1G11980	4045619	+
AT1G12100	4095246	+
AT1G12130	4118594	+
AT1G12170	4129701	-
AT1G12190	4134094	-
AT1G12211	4144114	-
AT1G12340	4197396	+
AT1G12411	4225482	-
AT1G12490	4260783	+
AT1G12615	4294540	-
AT1G12660	4308943	+
AT1G12663	4310969	+
AT1G12870	4389110	-
AT1G12960	4423155	-
AT1G13200	4508528	-
AT1G13485	4624344	-
AT1G13500	4629169	-
AT1G13530	4635129	-
AT1G13607	4660778	+
AT1G13608	4661682	+
AT1G13805	4730987	+
AT1G14048	4815988	-
AT1G14100	4827961	+
AT1G14110	4830297	+
AT1G14315	4887933	-
AT1G14642	5026364	+
AT1G14688	5050983	-
AT1G14750	5082423	-
AT1G14800	5099572	+
AT1G15085	5192219	+
AT1G15530	5341931	-
AT1G15600	5368923	+
AT1G15680	5393407	+
AT1G15850	5454088	-
AT1G16022	5501856	-
AT1G16025	5501505	+
AT1G16090	5516259	+
AT1G16380	5601367	-
AT1G16940	5791983	+
AT1G16945	5793905	+
AT1G17000	5812728	+
AT1G17065	5832303	+
AT1G17150	5865707	+
AT1G17235	5895351	+
AT1G17250	5903439	-
AT1G17260	5904058	+
AT1G17545	6033109	+
AT1G17770	6120741	+
AT1G17910	6159126	+
AT1G18050	6211588	-
AT1G18130	6235895	+
AT1G18193	6262602	+
AT1G18220	6269807	-
AT1G18310	6303956	-
AT1G18420	6343330	+
AT1G18486	6366397	+
AT1G18510	6373265	+
AT1G18760	6471824	-
AT1G18770	6474048	-
AT1G18780	6477235	-
AT1G18790	6480043	-
AT1G18871	6519485	-
AT1G19060	6583601	-
AT1G19070	6584454	+
AT1G19086	6588542	+
AT1G19160	6615214	-
AT1G19260	6659569	-
AT1G19390	6703368	-
AT1G19394	6709773	+
AT1G19410	6716439	-
AT1G19460	6738484	+
AT1G19470	6741296	+
AT1G19565	6773131	-
AT1G19620	6784020	+
AT1G19930	6917020	+
AT1G20000	6937666	-
AT1G20240	7015216	-
AT1G20290	7029698	-
AT1G20520	7107617	-
AT1G20570	7126559	-
AT1G20590	7132465	-
AT1G20600	7133111	+
AT1G20700	7182558	+
AT1G20710	7184485	+
AT1G20735	7197491	+
AT1G20795	7227566	-
AT1G20800	7230240	-
AT1G20803	7231600	-
AT1G20875	7261481	+
AT1G20923	7290390	-
AT1G20925	7289973	+
AT1G20940	7296518	-
AT1G21245	7436842	+
AT1G21313	7453735	+
AT1G21320	7466164	-
AT1G21323	7466694	+
AT1G21430	7500845	+
AT1G21530	7546936	-
AT1G21620	7579129	+
AT1G21722	7628456	+
AT1G21835	7665664	+
AT1G21850	7670530	-
AT1G21860	7674215	-
AT1G21866	7677499	+
AT1G21870	7678208	+
AT1G21925	7710725	-
AT1G21928	7712513	-
AT1G21940	7716975	-
AT1G21960	7725972	+
AT1G21990	7742106	-
AT1G22010	7749571	+
AT1G22120	7809632	-
AT1G22420	7917518	-
AT1G22670	8023516	-
AT1G22720	8045665	-
AT1G23037	8162414	+
AT1G23250	8256770	-
AT1G23270	8260144	-
AT1G23300	8266048	-
AT1G23320	8275350	-
AT1G23450	8324698	+
AT1G23500	8339668	+
AT1G23650	8371106	-
AT1G23680	8377156	-
AT1G23770	8406266	-
AT1G23810	8417495	+
AT1G23910	8451289	-
AT1G23995	8487347	-
AT1G24060	8510056	-
AT1G24159	8552775	+
AT1G24200	8572377	-
AT1G24230	8585135	-
AT1G24250	8589546	-
AT1G24256	8592078	+
AT1G24388	8648694	-
AT1G24390	8648201	+
AT1G24485	8678858	+
AT1G24545	8702477	-
AT1G24650	8734570	+
AT1G24807	8773535	-
AT1G24822	8777882	-
AT1G24851	8778280	+
AT1G24909	8787914	-
AT1G24996	8800410	-
AT1G25025	8800808	+
AT1G25054	8804489	+
AT1G25083	8810443	-
AT1G25097	8814788	-
AT1G25112	8815186	+
AT1G25141	8817678	+
AT1G25145	8818867	+
AT1G25155	8824821	-
AT1G25180	8829564	+
AT1G25210	8833245	+
AT1G25270	8857726	+
AT1G25300	8871568	+
AT1G25310	8874834	-
AT1G25410	8915219	-
AT1G25988	9017450	-
AT1G26100	9024081	-
AT1G26140	9039540	-
AT1G26225	9072634	+
AT1G26350	9116781	-
AT1G26355	9118611	-
AT1G26400	9134874	-
AT1G26500	9158380	+
AT1G26510	9161044	-
AT1G26515	9162910	-
AT1G26750	9246857	+
AT1G26773	9264404	+
AT1G26890	9317589	+
AT1G27135	9427164	+
AT1G27220	9463806	+
AT1G27240	9466237	+
AT1G27250	9468568	+
AT1G27260	9469948	+
AT1G27270	9472077	+
AT1G27280	9474027	+
AT1G27490	9547073	-
AT1G27535	9564726	+
AT1G27550	9569330	-
AT1G27555	9570397	+
AT1G27570	9575538	+
AT1G27580	9591075	-
AT1G27640	9614906	-
AT1G27820	9691628	+
AT1G27860	9706238	-
AT1G27870	9707298	-
AT1G28005	9756927	+
AT1G28020	9771157	-
AT1G28030	9771793	+
AT1G28265	9879035	+
AT1G28460	10006230	+
AT1G28500	10018691	+
AT1G28690	10081604	-
AT1G29005	10114912	+
AT1G29010	10117715	+
AT1G29041	10135451	+
AT1G29110	10171683	+
AT1G29180	10199628	+
AT1G29355	10274048	+
AT1G29435	10303890	+
AT1G29480	10317936	+
AT1G29570	10335910	+
AT1G29580	10338443	+
AT1G29620	10347363	+
AT1G29775	10426947	-
AT1G29780	10426950	+
AT1G29830	10441053	+
AT1G29870	10458782	-
AT1G29962	10496730	+
AT1G30010	10513194	+
AT1G30020	10516347	-
AT1G30060	10545906	-
AT1G30290	10672740	-
AT1G30455	10769722	+
AT1G30670	10880188	-
AT1G30760	10918267	+
AT1G30780	10926561	-
AT1G30790	10932713	+
AT1G30920	11005444	-
AT1G30925	11012280	-
AT1G30930	11015913	-
AT1G31000	11054567	-
AT1G31080	11091832	+
AT1G31090	11094407	+
AT1G31095	11102778	+
AT1G31163	11130239	-
AT1G31243	11164639	+
AT1G31260	11177362	-
AT1G31270	11178349	+
AT1G31370	11239363	-
AT1G31380	11241099	-
AT1G31390	11244392	-
AT1G31430	11255737	-
AT1G31510	11277417	+
AT1G31520	11279639	-
AT1G31530	11282468	-
AT1G31555	11298409	-
AT1G31620	11316941	+
AT1G31630	11319547	-
AT1G31640	11324176	-
AT1G31740	11369839	-
AT1G31960	11479654	-
AT1G32000	11508909	-
AT1G32010	11512040	-
AT1G32020	11513067	-
AT1G32030	11514594	+
AT1G32140	11564833	-
AT1G32270	11642593	+
AT1G32320	11655156	+
AT1G32337	11661815	+
AT1G32361	11675531	+
AT1G32420	11701995	+
AT1G32480	11741083	+
AT1G32550	11774117	-
AT1G32585	11789177	-
AT1G32600	11794802	+
AT1G32660	11811040	+
AT1G32710	11833113	+
AT1G32720	11834902	+
AT1G32850	11902629	+
AT1G32880	11914735	-
AT1G32970	11951982	-
AT1G32975	11953089	+
AT1G33010	11959287	+
AT1G33020	11962746	+
AT1G33070	11982889	+
AT1G33220	12044872	+
AT1G33320	12081009	+
AT1G33530	12159884	+
AT1G33607	12187423	-
AT1G33670	12201963	+
AT1G33710	12219657	+
AT1G33820	12279451	-
AT1G33830	12281406	-
AT1G33850	12288210	-
AT1G33860	12294394	+
AT1G33900	12313518	-
AT1G33910	12314904	+
AT1G33920	12319905	+
AT1G33940	12332785	-
AT1G34015	12361832	+
AT1G34049	12390448	+
AT1G34065	12401036	-
AT1G34070	12402283	+
AT1G34095	12412514	-
AT1G34140	12434735	-
AT1G34170	12446764	-
AT1G34290	12498000	+
AT1G34310	12511520	-
AT1G34315	12516521	-
AT1G34317	12516112	+
AT1G34390	12556005	+
AT1G34400	12566615	-
AT1G34410	12577722	+
AT1G34460	12595110	+
AT1G34500	12611638	+
AT1G34540	12637054	+
AT1G34550	12652646	-
AT1G34560	12653961	+
AT1G34792	12766651	-
AT1G34800	12773442	-
AT1G34805	12776856	-
AT1G34807	12777711	+
AT1G34810	12780270	-
AT1G34812	12781126	+
AT1G34815	12783684	-
AT1G34817	12784536	+
AT1G34820	12787095	-
AT1G34822	12787950	+
AT1G34827	12791364	+
AT1G34840	12797247	-
AT1G34850	12800571	-
AT1G34855	12801427	+
AT1G34860	12803986	-
AT1G34910	12804834	+
AT1G34930	12807399	-
AT1G35030	12808246	+
AT1G35035	12811308	-
AT1G35040	12812157	+
AT1G35150	12866238	-
AT1G35181	12879306	+
AT1G35240	12930523	-
AT1G35320	12962853	-
AT1G35353	12988649	+
AT1G35365	12991392	+
AT1G35375	13006187	-
AT1G35400	13018289	+
AT1G35410	13024161	+
AT1G35440	13036037	-
AT1G35500	13066087	+
AT1G35520	13085830	-
AT1G35540	13108634	+
AT1G35610	13144988	-
AT1G35614	13148592	+
AT1G35617	13153583	+
AT1G35750	13255570	-
AT1G35820	13309257	-
AT1G35850	13330510	+
AT1G35860	13334050	-
AT1G35880	13341228	-
AT1G35890	13341300	+
AT1G36005	13432418	+
AT1G36020	13434340	-
AT1G36030	13436586	+
AT1G36095	13492725	-
AT1G36100	13494652	+
AT1G36150	13528257	+
AT1G36230	13614051	-
AT1G36240	13614890	+
AT1G36272	13635521	-
AT1G36325	13683045	-
AT1G36510	13761926	+
AT1G36675	13867568	+
AT1G36745	13911137	+
AT1G36756	13917331	+
AT1G36925	13986436	+
AT1G36942	14006341	-
AT1G36950	14010822	-
AT1G36960	14014796	+
AT1G36970	14018356	-
AT1G37000	14036038	+
AT1G37010	14040918	+
AT1G37020	14046735	+
AT1G37113	14136413	+
AT1G38790	14544528	-
AT1G39060	14701718	+
AT1G39070	14733525	+
AT1G40083	14923055	-
AT1G40086	14930278	+
AT1G40087	15001868	-
AT1G40090	15013792	+
AT1G40104	15081952	+
AT1G40129	15240553	+
AT1G40390	15434674	-
AT1G41820	15585143	-
AT1G41920	15684487	-
AT1G42080	15717169	-
AT1G42190	15761082	+
AT1G42525	15966381	+
AT1G42615	16037606	+
AT1G42680	16041656	+
AT1G42700	16066931	+
AT1G42710	16078567	-
AT1G43005	16151095	+
AT1G43010	16153609	+
AT1G43080	16215828	-
AT1G43090	16219150	-
AT1G43100	16222473	-
AT1G43140	16232785	+
AT1G43145	16238525	+
AT1G43260	16318253	+
AT1G43310	16346475	-
AT1G43320	16356762	+
AT1G43330	16359029	+
AT1G43415	16378974	+
AT1G43600	16415357	+
AT1G43610	16424578	+
AT1G43665	16453804	-
AT1G43680	16472205	+
AT1G43720	16495080	+
AT1G43722	16496403	+
AT1G43730	16509784	-
AT1G43760	16531065	-
AT1G43780	16563811	+
AT1G43810	16580800	-
AT1G43825	16608818	-
AT1G43950	16673952	-
AT1G43970	16681269	+
AT1G44020	16718656	-
AT1G44080	16755670	-
AT1G44085	16758508	-
AT1G44090	16762486	-
AT1G44191	16814733	-
AT1G44318	16831016	+
AT1G44478	16853238	-
AT1G44895	16965181	+
AT1G44940	16994155	+
AT1G44941	16995295	-
AT1G44980	17005923	-
AT1G44990	17007808	-
AT1G45100	17050631	+
AT1G45163	17091464	-
AT1G45243	17147058	+
AT1G45403	17177804	+
AT1G46336	17230653	-
AT1G46696	17264183	-
AT1G46840	17270185	+
AT1G46912	17272521	+
AT1G46984	17274722	+
AT1G47130	17291755	+
AT1G47220	17303676	+
AT1G47300	17340972	-
AT1G47317	17347094	+
AT1G47350	17360722	-
AT1G47370	17368703	-
AT1G47390	17379544	+
AT1G47495	17429813	-
AT1G47657	17531871	+
AT1G47660	17535551	-
AT1G47680	17540775	+
AT1G47695	17546545	-
AT1G47730	17565106	-
AT1G47765	17576092	-
AT1G47770	17590266	+
AT1G47780	17594683	+
AT1G47786	17597898	+
AT1G47790	17601173	-
AT1G47800	17601513	+
AT1G47810	17603504	+
AT1G47813	17606558	+
AT1G47845	17624274	-
AT1G47885	17642805	-
AT1G47890	17643976	+
AT1G47915	17660752	+
AT1G47920	17661095	+
AT1G47940	17668285	+
AT1G48010	17712660	-
AT1G48095	17760142	+
AT1G48145	17784913	-
AT1G48150	17785397	+
AT1G48190	17795163	-
AT1G48220	17802863	+
AT1G48285	17844900	-
AT1G48400	17883855	-
AT1G48405	17885614	-
AT1G48725	18019274	+
AT1G48730	18022277	-
AT1G48820	18055229	+
AT1G48910	18091681	+
AT1G48912	18094900	+
AT1G49015	18134528	+
AT1G49100	18170105	-
AT1G49120	18173427	+
AT1G49250	18220533	+
AT1G49420	18288650	-
AT1G49435	18299862	-
AT1G49610	18363192	-
AT1G49680	18386867	+
AT1G49770	18424578	+
AT1G49810	18442237	-
AT1G49900	18477643	-
AT1G49930	18484932	+
AT1G50080	18554276	-
AT1G50160	18581429	+
AT1G50190	18590799	-
AT1G50340	18647849	-
AT1G50390	18667677	-
AT1G50470	18700444	-
AT1G50530	18721729	-
AT1G50680	18778614	-
AT1G50750	18812050	-
AT1G50770	18820503	-
AT1G50780	18821267	+
AT1G50820	18834861	-
AT1G50870	18855147	+
AT1G50880	18860837	+
AT1G50980	18902057	-
AT1G51040	18920658	+
AT1G51055	18926315	-
AT1G51120	18938091	+
AT1G51150	18949290	-
AT1G51172	18963205	+
AT1G51230	18997434	-
AT1G51290	19012173	+
AT1G51300	19016103	-
AT1G51320	19025642	+
AT1G51330	19029844	-
AT1G51430	19068241	+
AT1G51490	19094888	+
AT1G51530	19109854	+
AT1G51823	19242294	+
AT1G51900	19282895	-
AT1G51910	19288385	-
AT1G51930	19295236	-
AT1G51970	19314916	-
AT1G51990	19330949	+
AT1G52110	19389740	-
AT1G52180	19425928	-
AT1G52325	19488418	-
AT1G52440	19538821	+
AT1G52490	19556945	-
AT1G52495	19559143	-
AT1G52603	19595751	+
AT1G52650	19610856	+
AT1G52790	19663301	-
AT1G52810	19667127	+
AT1G52900	19702916	-
AT1G52940	19716402	+
AT1G52950	19725483	+
AT1G52970	19737083	-
AT1G52990	19743449	-
AT1G53000	19747804	-
AT1G53010	19747847	+
AT1G53023	19755843	-
AT1G53230	19851435	-
AT1G53265	19861475	-
AT1G53282	19868335	-
AT1G53325	19895733	-
AT1G53360	19907179	+
AT1G53366	19909977	-
AT1G53370	19910516	+
AT1G53420	19931494	-
AT1G53480	19964712	-
AT1G53541	19981495	-
AT1G53542	19981628	+
AT1G53550	19983411	+
AT1G53610	20009320	-
AT1G53633	20017932	-
AT1G53705	20051451	-
AT1G53815	20090962	-
AT1G53820	20091491	+
AT1G53930	20140887	-
AT1G53945	20146813	-
AT1G53990	20151016	+
AT1G54300	20270810	+
AT1G54310	20273567	+
AT1G54420	20311619	+
AT1G54640	20404807	-
AT1G54720	20422831	+
AT1G54760	20433912	+
AT1G54775	20438014	-
AT1G54930	20479671	-
AT1G54980	20508355	-
AT1G55060	20549533	+
AT1G55070	20551452	+
AT1G55175	20582965	+
AT1G55220	20601436	-
AT1G55380	20678607	-
AT1G55440	20703460	-
AT1G55546	20743828	+
AT1G55650	20796340	+
AT1G55660	20800694	+
AT1G55673	20802971	+
AT1G55710	20826142	-
AT1G55755	20846115	+
AT1G55865	20895393	-
AT1G55917	20912277	-
AT1G55945	20923651	+
AT1G55947	20925619	-
AT1G55990	20942951	-
AT1G56030	20958550	-
AT1G56040	20961870	-
AT1G56085	20976515	+
AT1G56105	20983737	+
AT1G56160	21022384	+
AT1G56225	21045708	-
AT1G56233	21051017	-
AT1G56360	21100842	-
AT1G56380	21101327	+
AT1G56400	21113621	-
AT1G56410	21117147	+
AT1G56530	21179237	+
AT1G56555	21192217	-
AT1G57565	21319635	+
AT1G57580	21325079	+
AT1G57613	21340183	+
AT1G57670	21359872	-
AT1G57690	21368150	-
AT1G57780	21403000	+
AT1G57800	21412283	-
AT1G57850	21425481	+
AT1G57906	21435427	+
AT1G58050	21487839	-
AT1G58090	21510510	+
AT1G58150	21530103	+
AT1G58160	21533724	+
AT1G58223	21558383	+
AT1G58245	21584524	-
AT1G58248	21586311	-
AT1G58260	21605752	+
AT1G58265	21610909	+
AT1G58280	21622611	-
AT1G58310	21631947	+
AT1G58450	21718014	+
AT1G58520	21729913	+
AT1G58525	21729913	+
AT1G58766	21776765	-
AT1G58936	21803600	+
AT1G59077	21813023	-
AT1G59470	21853384	-
AT1G59500	21856614	-
AT1G59550	21880788	-
AT1G59630	21907955	-
AT1G59675	21932403	-
AT1G59680	21933012	+
AT1G59690	21935820	-
AT1G59720	21941784	-
AT1G59722	21945221	-
AT1G59790	22001504	+
AT1G59800	22004964	+
AT1G59833	22023337	+
AT1G59835	22025421	-
AT1G59865	22033297	-
AT1G59885	22042308	+
AT1G59950	22070588	-
AT1G60040	22119929	-
AT1G60250	22217832	-
AT1G60280	22227928	-
AT1G60300	22230748	-
AT1G60320	22235091	+
AT1G60340	22240399	-
AT1G60350	22242235	-
AT1G60370	22244963	+
AT1G60380	22247411	-
AT1G60400	22254405	+
AT1G60500	22291582	+
AT1G60530	22299797	+
AT1G60570	22311836	+
AT1G60625	22333916	+
AT1G60750	22363854	-
AT1G60815	22392729	+
AT1G60880	22411575	+
AT1G60980	22452573	+
AT1G60983	22455320	+
AT1G61060	22489711	-
AT1G61105	22514492	-
AT1G61230	22578951	+
AT1G61280	22603586	+
AT1G61320	22617370	+
AT1G61330	22622975	+
AT1G61415	22659661	+
AT1G61460	22677188	-
AT1G61475	22680771	-
AT1G61540	22702498	+
AT1G61565	22715075	+
AT1G61600	22729816	+
AT1G61630	22744207	+
AT1G61710	22790576	-
AT1G62160	22972352	+
AT1G62270	23004499	+
AT1G62410	23092915	+
AT1G62421	23099484	+
AT1G62440	23112933	+
AT1G62490	23131533	-
AT1G62515	23136720	+
AT1G62670	23206665	-
AT1G62886	23294413	+
AT1G62895	23295989	+
AT1G62920	23304313	+
AT1G62930	23306534	+
AT1G62935	23309410	-
AT1G62978	23331608	-
AT1G63070	23387167	-
AT1G63105	23404141	+
AT1G63200	23434600	-
AT1G63205	23438677	-
AT1G63210	23443688	+
AT1G63280	23471343	+
AT1G63340	23494019	-
AT1G63390	23506967	-
AT1G63535	23566227	-
AT1G63590	23579896	+
AT1G63730	23641770	+
AT1G64020	23752121	-
AT1G64030	23754348	-
AT1G64100	23791585	+
AT1G64195	23828048	-
AT1G64253	23842219	+
AT1G64255	23844954	+
AT1G64295	23860624	-
AT1G64310	23866053	+
AT1G64455	23941764	+
AT1G64584	23989052	+
AT1G64585	23990097	-
AT1G64633	24019586	-
AT1G64710	24044686	+
AT1G64795	24082579	+
AT1G64820	24088605	+
AT1G64870	24102917	+
AT1G64940	24123789	+
AT1G65170	24209613	+
AT1G65210	24224812	+
AT1G65300	24254929	+
AT1G65340	24269646	-
AT1G65342	24271276	+
AT1G65346	24274038	-
AT1G65349	24277072	+
AT1G65350	24277275	-
AT1G65352	24277772	+
AT1G65360	24281337	+
AT1G65425	24299857	+
AT1G65550	24370800	-
AT1G65630	24409068	-
AT1G65640	24413527	-
AT1G65680	24427266	+
AT1G65681	24428875	+
AT1G65735	24446889	-
AT1G65740	24453211	-
AT1G65760	24458591	+
AT1G65770	24461738	-
AT1G65780	24466888	-
AT1G65990	24573471	-
AT1G66000	24574344	+
AT1G66045	24588269	+
AT1G66145	24628835	-
AT1G66220	24670536	+
AT1G66245	24690444	+
AT1G66290	24714843	-
AT1G66300	24718050	-
AT1G66310	24724475	-
AT1G66345	24737719	+
AT1G66420	24777184	+
AT1G66490	24810549	-
AT1G66610	24851450	-
AT1G66630	24856714	-
AT1G66640	24857438	+
AT1G66650	24861821	-
AT1G66770	24907236	-
AT1G66852	24938832	-
AT1G66870	24946717	-
AT1G66880	24946928	+
AT1G67020	25012987	-
AT1G67130	25100625	-
AT1G67160	25127098	-
AT1G67220	25145587	+
AT1G67235	25163104	-
AT1G67310	25203126	-
AT1G67390	25244690	+
AT1G67450	25266163	+
AT1G67775	25411696	-
AT1G67790	25420099	-
AT1G68120	25527105	-
AT1G68210	25565983	+
AT1G68270	25590254	-
AT1G68325	25609405	-
AT1G68420	25653893	+
AT1G68725	25809298	+
AT1G68845	25882434	+
AT1G68905	25907092	-
AT1G68907	25907891	-
AT1G68937	25925469	+
AT1G69090	25978706	-
AT1G69200	26016024	+
AT1G69210	26020058	-
AT1G69290	26049348	-
AT1G69470	26113575	+
AT1G69630	26193174	-
AT1G69650	26198821	-
AT1G69660	26200603	-
AT1G69825	26286496	+
AT1G69828	26287522	+
AT1G69860	26309628	+
AT1G69990	26362010	-
AT1G70020	26377370	+
AT1G70040	26381233	+
AT1G70120	26408921	+
AT1G70175	26425340	-
AT1G70209	26439796	-
AT1G70335	26503258	-
AT1G70380	26527345	-
AT1G70390	26530282	-
AT1G70450	26552576	+
AT1G70475	26559661	+
AT1G70730	26673166	-
AT1G70860	26718992	-
AT1G70870	26721563	-
AT1G70910	26734155	+
AT1G70944	26749253	-
AT1G70949	26752664	-
AT1G70960	26756253	+
AT1G70970	26759834	+
AT1G71060	26807183	-
AT1G71180	26832335	+
AT1G71220	26841550	+
AT1G71235	26854559	+
AT1G71280	26872152	-
AT1G71290	26872643	+
AT1G71300	26874064	+
AT1G71320	26882485	+
AT1G71330	26885169	-
AT1G71740	26987245	+
AT1G72000	27103277	+
AT1G72141	27145322	-
AT1G72350	27239947	-
AT1G72540	27316669	-
AT1G72570	27331381	+
AT1G73050	27478534	-
AT1G73066	27481785	+
AT1G73270	27552517	-
AT1G73280	27555322	-
AT1G73310	27565177	-
AT1G73570	27650992	+
AT1G73710	27721190	+
AT1G73885	27786864	+
AT1G73890	27788658	-
AT1G74035	27839443	+
AT1G74045	27846012	+
AT1G74110	27868368	-
AT1G74290	27931836	+
AT1G74385	27960970	-
AT1G74480	27994178	-
AT1G74620	28028252	+
AT1G74875	28129745	-
AT1G74900	28133933	+
AT1G74929	28144098	-
AT1G75470	28330054	+
AT1G75530	28359309	+
AT1G76170	28586225	-
AT1G76290	28625408	-
AT1G76465	28688781	+
AT1G76728	28802633	+
AT1G76830	28844644	+
AT1G76840	28847288	-
AT1G76910	28887218	+
AT1G76954	28918537	-
AT1G77010	28942710	+
AT1G77100	28967015	-
AT1G77150	28993170	-
AT1G77440	29096020	+
AT1G77570	29143350	+
AT1G77650	29181110	+
AT1G77700	29204747	+
AT1G77780	29249528	-
AT1G77790	29251976	-
AT1G77815	29263650	-
AT1G77830	29267752	-
AT1G77910	29296138	+
AT1G78030	29342157	+
AT1G78190	29418994	-
AT1G78220	29427181	-
AT1G78400	29499682	-
AT1G78470	29521770	+
AT1G78480	29526363	-
AT1G78640	29581988	-
AT1G78730	29609441	-
AT1G78760	29616738	-
AT1G78922	29677815	-
AT1G78955	29694255	-
AT1G79100	29753648	+
AT1G79170	29782273	+
AT1G79370	29857934	+
AT1G79400	29864992	+
AT1G79485	29898481	+
AT1G79670	29979337	-
AT1G80090	30130218	+
AT1G80140	30146611	+
AT1G80165	30152501	-
AT1G80220	30167839	+
AT1G80315	30195732	-
AT1G80320	30196782	+
AT1G80330	30199537	-
AT1G80525	30277490	+
AT1G80580	30293558	+
AT1G80740	30342394	+
AT1G80990	30424421	+
AT2G01008	1025	+
AT2G01021	6571	+
AT2G01023	9767	-
AT2G01035	51487	-
AT2G01045	54468	-
AT2G01050	69884	-
AT2G01240	129132	-
AT2G01280	145676	+
AT2G01360	167931	+
AT2G01379	171098	+
AT2G01430	190369	-
AT2G01554	249687	+
AT2G01560	251806	-
AT2G01667	295455	+
AT2G01780	339871	-
AT2G01790	342480	-
AT2G01800	345254	-
AT2G01810	347537	+
AT2G01920	426052	+
AT2G02026	481907	+
AT2G02030	482335	+
AT2G02103	531636	-
AT2G02280	601439	-
AT2G02290	604453	+
AT2G02440	638012	+
AT2G02493	668055	-
AT2G02520	678145	-
AT2G02525	677881	+
AT2G02550	687384	+
AT2G02635	731178	-
AT2G02650	735411	+
AT2G02660	738504	+
AT2G02695	754145	-
AT2G02770	779786	-
AT2G02835	821291	-
AT2G02890	846616	-
AT2G03000	875233	+
AT2G03010	879247	+
AT2G03030	889764	+
AT2G03160	959645	+
AT2G03180	962764	+
AT2G03230	972917	+
AT2G03260	992332	-
AT2G03300	1004222	-
AT2G03330	1008460	+
AT2G03560	1079639	+
AT2G03565	1081592	+
AT2G03570	1085988	-
AT2G03580	1093264	+
AT2G03610	1099070	+
AT2G03630	1103205	+
AT2G03822	1168200	+
AT2G03823	1167354	+
AT2G03930	1206249	-
AT2G03931	1214428	+
AT2G03932	1213233	+
AT2G03936	1221111	+
AT2G04020	1274427	+
AT2G04038	1331919	+
AT2G04041	1308544	-
AT2G04046	1315860	+
AT2G04060	1345164	-
AT2G04062	1346266	-
AT2G04063	1350177	-
AT2G04066	1353517	-
AT2G04137	1332608	-
AT2G04300	1493009	+
AT2G04380	1525642	+
AT2G04425	1537504	-
AT2G04480	1555514	-
AT2G04621	1610662	+
AT2G04622	1614019	-
AT2G04750	1662748	-
AT2G04810	1688773	+
AT2G04840	1697009	+
AT2G04870	1716386	-
AT2G04910	1724354	-
AT2G04920	1726138	+
AT2G04930	1734471	-
AT2G05050	1794035	+
AT2G05060	1798155	+
AT2G05105	1836841	+
AT2G05117	1839014	-
AT2G05140	1853935	+
AT2G05180	1875390	+
AT2G05294	1928622	-
AT2G05330	1939470	-
AT2G05360	1959303	-
AT2G05420	1983901	+
AT2G05600	2072646	+
AT2G05635	2089484	+
AT2G05645	2102111	-
AT2G05720	2147192	+
AT2G05752	2170528	-
AT2G05753	2171936	-
AT2G05786	2198405	-
AT2G05900	2256970	+
AT2G05915	2263816	+
AT2G05970	2309784	-
AT2G06020	2342535	+
AT2G06105	2395013	+
AT2G06166	2411005	+
AT2G06265	2530255	-
AT2G06425	2572743	-
AT2G06500	2583223	-
AT2G06541	2600326	-
AT2G06565	2621756	+
AT2G06570	2624902	-
AT2G06667	2660715	-
AT2G06675	2705476	-
AT2G06904	2806625	+
AT2G06906	2807967	-
AT2G06908	2815398	+
AT2G06960	2870352	-
AT2G07020	2911198	-
AT2G07110	2953208	-
AT2G07120	2954722	-
AT2G07190	2987367	+
AT2G07200	2989205	+
AT2G07215	2997889	-
AT2G07280	3026398	+
AT2G07290	3029561	+
AT2G07310	3036387	-
AT2G07440	3094750	-
AT2G07505	3125671	+
AT2G07613	3261009	+
AT2G07623	3276728	+
AT2G07625	3284616	-
AT2G07626	3296472	+
AT2G07627	3298716	-
AT2G07628	3301041	+
AT2G07629	3313502	-
AT2G07631	3318248	+
AT2G07634	3339047	-
AT2G07636	3340397	+
AT2G07637	3343332	+
AT2G07638	3377163	+
AT2G07640	3220739	+
AT2G07641	3390726	-
AT2G07642	3400797	+
AT2G07646	3408519	+
AT2G07654	3456747	+
AT2G07655	3245323	+
AT2G07656	3458281	+
AT2G07659	3481036	+
AT2G07674	3268932	+
AT2G07675	3270410	+
AT2G07676	3272619	+
AT2G07678	3281097	+
AT2G07684	3262345	-
AT2G07687	3312651	-
AT2G07689	3336109	+
AT2G07691	3340317	-
AT2G07701	3371832	+
AT2G07705	3380744	+
AT2G07707	3386292	+
AT2G07713	3407218	+
AT2G07714	3408506	-
AT2G07722	3438742	+
AT2G07728	3453686	+
AT2G07734	3473692	-
AT2G07741	3502319	+
AT2G07749	3247234	+
AT2G07751	3270008	+
AT2G07760	3586278	-
AT2G07768	3273584	+
AT2G07771	3240463	-
AT2G07772	3301804	-
AT2G07777	3251545	-
AT2G07810	3593730	+
AT2G07820	3457479	-
AT2G07827	3474996	+
AT2G07830	3476278	-
AT2G07835	3502294	-
AT2G07981	3614986	+
AT2G08986	3618058	+
AT2G09388	3651156	+
AT2G09838	3703492	-
AT2G09840	3705594	-
AT2G10020	3797230	+
AT2G10260	3938527	+
AT2G10440	4018046	-
AT2G10450	4020305	+
AT2G10455	4069506	-
AT2G10535	4082851	+
AT2G10545	4089648	+
AT2G10550	4096920	-
AT2G10556	4105464	+
AT2G10557	4106356	-
AT2G10560	4110698	-
AT2G10602	4134895	+
AT2G10615	4228157	+
AT2G10625	4300871	-
AT2G10955	4324032	-
AT2G10965	4323671	+
AT2G11005	4348511	+
AT2G11010	4361869	+
AT2G11015	4366200	+
AT2G11025	4394045	-
AT2G11035	4416920	+
AT2G11045	4440614	+
AT2G11200	4451924	+
AT2G11205	4458399	-
AT2G11215	4477776	+
AT2G11225	4478424	+
AT2G11270	4484720	+
AT2G11271	4485539	-
AT2G11405	4543175	+
AT2G11462	4590378	-
AT2G11570	4635203	-
AT2G11620	4658445	+
AT2G11623	4661415	-
AT2G11626	4661458	+
AT2G11773	4724143	-
AT2G11778	4728072	+
AT2G11815	4758920	-
AT2G11891	4804391	+
AT2G12205	4901120	+
AT2G12290	4924501	-
AT2G12405	5011590	-
AT2G12461	5050087	-
AT2G12875	5291470	-
AT2G12880	5291523	+
AT2G12900	5293897	+
AT2G12905	5296364	+
AT2G12935	5316041	-
AT2G12945	5323624	-
AT2G13105	5412125	-
AT2G13125	5415891	+
AT2G13126	5416872	-
AT2G13150	5437056	+
AT2G13275	5508837	-
AT2G13422	5588218	+
AT2G13430	5590052	+
AT2G13450	5599923	-
AT2G13500	5627936	+
AT2G13510	5631107	-
AT2G13542	5643615	-
AT2G13555	5649224	+
AT2G13630	5685431	-
AT2G13640	5687290	-
AT2G13845	5798558	+
AT2G13895	5829485	+
AT2G13905	5834994	-
AT2G13950	5857536	+
AT2G13965	5864614	-
AT2G13980	5870368	-
AT2G13985	5875793	-
AT2G14000	5885985	-
AT2G14070	5921881	+
AT2G14100	5936371	-
AT2G14160	5976801	-
AT2G14170	5981899	-
AT2G14265	6045141	-
AT2G14270	6045579	+
AT2G14288	6056778	-
AT2G14289	6057020	-
AT2G14390	6110912	+
AT2G14395	6119467	+
AT2G14440	6143073	+
AT2G14500	6166936	+
AT2G14670	6276317	-
AT2G14700	6292466	+
AT2G14755	6317587	-
AT2G14765	6351289	+
AT2G14800	6355993	+
AT2G14810	6358470	-
AT2G14870	6391172	+
AT2G14920	6418199	+
AT2G14935	6431471	+
AT2G14945	6439144	-
AT2G15025	6501704	-
AT2G15029	6504171	-
AT2G15110	6557168	-
AT2G15180	6590167	-
AT2G15185	6591544	-
AT2G15260	6630528	+
AT2G15327	6672731	-
AT2G15420	6728183	-
AT2G15450	6747536	+
AT2G15460	6750934	+
AT2G15470	6754330	+
AT2G15500	6763707	+
AT2G15610	6806033	+
AT2G15670	6828133	+
AT2G15710	6842648	+
AT2G15740	6857735	-
AT2G15770	6872245	-
AT2G15880	6920319	-
AT2G15980	6952845	-
AT2G16015	6970352	+
AT2G16019	6973172	+
AT2G16020	6973356	+
AT2G16040	6976017	+
AT2G16120	6998441	-
AT2G16220	7031378	-
AT2G16225	7034317	-
AT2G16290	7060573	-
AT2G16300	7063367	-
AT2G16340	7073134	+
AT2G16360	7077310	-
AT2G16450	7132803	-
AT2G16575	7184652	+
AT2G16594	7197774	+
AT2G16620	7205918	-
AT2G16910	7331721	+
AT2G16953	7361336	+
AT2G16960	7364683	+
AT2G17160	7472754	+
AT2G17170	7474736	+
AT2G17210	7487608	-
AT2G17305	7527676	+
AT2G17430	7568018	+
AT2G17600	7656219	-
AT2G17723	7700134	+
AT2G17750	7711151	-
AT2G17785	7728927	-
AT2G17845	7758846	+
AT2G17860	7763018	-
AT2G17960	7813129	-
AT2G18070	7852529	+
AT2G18130	7883935	-
AT2G18140	7888878	-
AT2G18190	7915872	-
AT2G18270	7946406	-
AT2G18320	7956220	+
AT2G18530	8039670	+
AT2G18685	8095027	-
AT2G18721	8116999	+
AT2G18810	8149469	-
AT2G18830	8156401	-
AT2G18870	8167471	+
AT2G18920	8198160	-
AT2G18938	8202216	+
AT2G18969	8229574	-
AT2G19150	8305100	+
AT2G19210	8339307	-
AT2G19220	8342161	-
AT2G19230	8348431	-
AT2G19240	8352562	-
AT2G19290	8367022	-
AT2G19300	8368219	-
AT2G19360	8378664	+
AT2G19420	8411701	+
AT2G19550	8465531	-
AT2G19630	8491110	-
AT2G19893	8589953	+
AT2G19980	8628220	-
AT2G20170	8701013	+
AT2G20350	8784769	+
AT2G20380	8795980	-
AT2G20510	8838598	-
AT2G20613	8886444	-
AT2G20616	8888305	-
AT2G20619	8891191	+
AT2G20620	8893244	-
AT2G20625	8897218	-
AT2G20660	8909467	+
AT2G20873	8982123	+
AT2G20921	9000228	-
AT2G20970	9009867	+
AT2G21010	9020944	+
AT2G21040	9026157	+
AT2G21105	9048192	+
AT2G21235	9098767	-
AT2G21420	9169713	+
AT2G21455	9185623	-
AT2G21595	9242951	-
AT2G21680	9267730	+
AT2G21690	9270597	-
AT2G21720	9273696	+
AT2G21725	9277659	+
AT2G21810	9302254	+
AT2G21920	9347159	-
AT2G21980	9359061	-
AT2G22030	9372530	+
AT2G22040	9376260	-
AT2G22050	9376684	+
AT2G22088	9388384	+
AT2G22121	9397864	+
AT2G22160	9425460	-
AT2G22241	9454244	+
AT2G22320	9480105	+
AT2G22345	9495457	+
AT2G22440	9528910	+
AT2G22520	9572066	+
AT2G22820	9721425	-
AT2G22880	9741463	-
AT2G22940	9763462	-
AT2G22960	9770894	+
AT2G23067	9822005	+
AT2G23118	9842025	-
AT2G23142	9850176	+
AT2G23160	9862470	+
AT2G23190	9877058	+
AT2G23210	9883397	-
AT2G23220	9884550	+
AT2G23250	9899125	-
AT2G23321	9926378	+
AT2G23445	9985933	+
AT2G23510	10013533	-
AT2G23987	10206259	-
AT2G24080	10238779	-
AT2G24340	10359546	-
AT2G24410	10379407	-
AT2G24470	10396622	-
AT2G24480	10397588	+
AT2G24510	10404373	+
AT2G24520	10414963	+
AT2G24615	10461199	+
AT2G24617	10462910	+
AT2G24625	10468340	+
AT2G24696	10510902	-
AT2G24740	10531957	-
AT2G24810	10573862	+
AT2G24880	10590862	-
AT2G24950	10613105	+
AT2G25055	10660525	+
AT2G25120	10689934	+
AT2G25125	10741777	+
AT2G25169	10714014	-
AT2G25230	10748467	-
AT2G25312	10780409	-
AT2G25330	10791331	-
AT2G25340	10793832	-
AT2G25360	10804249	+
AT2G25440	10826735	+
AT2G25500	10854948	-
AT2G25530	10863059	+
AT2G25565	10885295	-
AT2G25630	10908360	+
AT2G25905	11045992	+
AT2G25964	11071287	-
AT2G26050	11099380	-
AT2G26120	11123430	+
AT2G26135	11130119	+
AT2G26160	11139451	-
AT2G26320	11206287	-
AT2G26610	11318771	+
AT2G26620	11326835	-
AT2G26720	11384782	+
AT2G27010	11527854	-
AT2G27070	11560215	-
AT2G27240	11659579	+
AT2G27280	11675613	-
AT2G27313	11689141	-
AT2G27380	11713411	+
AT2G27390	11720888	-
AT2G27410	11725419	-
AT2G27520	11762061	+
AT2G27570	11775329	+
AT2G27610	11786533	-
AT2G27670	11802891	-
AT2G27700	11816002	-
AT2G27750	11824461	-
AT2G27780	11846578	-
AT2G28030	11935386	-
AT2G28050	11939653	-
AT2G28090	11974007	-
AT2G28170	12009956	-
AT2G28180	12013739	-
AT2G28220	12033998	+
AT2G28340	12103672	+
AT2G28426	12159407	-
AT2G28725	12328605	+
AT2G28815	12368064	-
AT2G28920	12418017	+
AT2G29000	12460781	+
AT2G29045	12476372	+
AT2G29150	12536964	-
AT2G29250	12580780	-
AT2G29263	12584428	-
AT2G29452	12625985	-
AT2G29605	12660087	-
AT2G29628	12666957	-
AT2G29640	12671206	+
AT2G29654	12677461	-
AT2G29679	12689398	-
AT2G29735	12705699	-
AT2G29780	12719328	-
AT2G29800	12724602	-
AT2G29810	12727253	-
AT2G29820	12729528	-
AT2G29840	12733983	-
AT2G29850	12734725	+
AT2G29860	12738388	-
AT2G29880	12742536	+
AT2G30090	12845597	-
AT2G30300	12919401	+
AT2G30310	12923055	+
AT2G30385	12949797	+
AT2G30430	12968176	+
AT2G30560	13017347	+
AT2G30750	13101371	-
AT2G30760	13108221	-
AT2G30770	13111988	-
AT2G30925	13161815	+
AT2G30940	13168533	+
AT2G31005	13193504	+
AT2G31018	13201551	-
AT2G31030	13206004	+
AT2G31035	13208667	+
AT2G31050	13212150	+
AT2G31215	13299807	+
AT2G31460	13404776	+
AT2G31590	13448133	-
AT2G31620	13452908	-
AT2G31690	13477547	-
AT2G31700	13480510	+
AT2G31720	13485975	-
AT2G31760	13508493	+
AT2G31770	13511579	+
AT2G31780	13515199	+
AT2G31850	13540199	+
AT2G31981	13609981	+
AT2G32360	13737546	-
AT2G32680	13862614	-
AT2G32780	13901870	-
AT2G32835	13931453	-
AT2G33020	14016516	-
AT2G33030	14018340	-
AT2G33050	14021870	+
AT2G33090	14035961	-
AT2G33160	14053404	+
AT2G33200	14069541	+
AT2G33230	14081971	-
AT2G33585	14224167	-
AT2G33655	14244569	-
AT2G33685	14252495	-
AT2G33705	14256151	+
AT2G33760	14275800	+
AT2G33796	14300252	-
AT2G34090	14399275	-
AT2G34120	14405339	+
AT2G34123	14406240	+
AT2G34186	14435949	-
AT2G34210	14445938	+
AT2G34240	14459157	+
AT2G34270	14469876	-
AT2G34320	14484959	+
AT2G34360	14507294	+
AT2G34370	14510482	+
AT2G34880	14716634	-
AT2G34890	14721271	-
AT2G35080	14791448	-
AT2G35130	14810164	-
AT2G35250	14848662	-
AT2G35280	14860200	-
AT2G35460	14905788	+
AT2G35555	14931504	-
AT2G35580	14935482	-
AT2G35640	14982835	+
AT2G35733	15022867	-
AT2G35736	15023254	-
AT2G35850	15056753	+
AT2G35965	15109534	-
AT2G35970	15109007	+
AT2G36026	15127265	+
AT2G36030	15127771	-
AT2G36180	15174216	-
AT2G36370	15247768	+
AT2G36450	15294857	-
AT2G36540	15325237	+
AT2G36560	15332447	-
AT2G36660	15364398	-
AT2G36700	15386421	-
AT2G36815	15440769	+
AT2G36854	15469719	+
AT2G37140	15602863	+
AT2G37300	15664599	-
AT2G37610	15777673	-
AT2G37720	15818082	+
AT2G37730	15824538	-
AT2G37780	15838302	-
AT2G37810	15846051	-
AT2G37910	15868399	+
AT2G38150	15982917	-
AT2G38152	15985278	-
AT2G38350	16068341	+
AT2G38490	16115204	-
AT2G38510	16123985	+
AT2G38590	16142897	+
AT2G38720	16188047	+
AT2G38800	16216999	+
AT2G38830	16225777	+
AT2G39160	16334173	-
AT2G39320	16418517	-
AT2G39355	16436504	+
AT2G39520	16496813	+
AT2G39590	16518247	-
AT2G39782	16594516	-
AT2G39790	16594833	+
AT2G39865	16641907	-
AT2G40210	16794328	-
AT2G40220	16797585	-
AT2G40310	16834065	+
AT2G40440	16889580	-
AT2G40500	16916330	+
AT2G40560	16939616	-
AT2G40715	16985791	-
AT2G40720	16987269	+
AT2G40980	17102090	+
AT2G41080	17132602	+
AT2G41082	17134825	+
AT2G41105	17139159	-
AT2G41300	17216292	-
AT2G41375	17238380	+
AT2G41417	17264512	+
AT2G41470	17293749	-
AT2G41473	17294728	-
AT2G41505	17314690	-
AT2G41910	17496956	+
AT2G41930	17501629	+
AT2G42090	17556744	+
AT2G42100	17560211	+
AT2G42270	17604330	+
AT2G42370	17643334	+
AT2G42470	17685112	-
AT2G42550	17713196	+
AT2G42865	17835594	-
AT2G42930	17861272	-
AT2G42955	17867572	-
AT2G43270	17989491	-
AT2G43530	18070110	+
AT2G43550	18073305	+
AT2G43860	18164428	-
AT2G43865	18165878	-
AT2G44030	18220086	+
AT2G44175	18268788	+
AT2G44198	18276164	-
AT2G44250	18293457	+
AT2G44390	18326551	-
AT2G44540	18388110	-
AT2G44550	18391142	-
AT2G44730	18438565	-
AT2G44735	18438623	+
AT2G44850	18498672	+
AT2G44993	18565339	-
AT2G45380	18703093	-
AT2G46050	18939262	+
AT2G46308	19011355	-
AT2G46460	19071537	+
AT2G46494	19083811	-
AT2G46560	19125856	-
AT2G46567	19126751	-
AT2G46670	19165233	-
AT2G46810	19239694	+
AT2G46840	19249909	-
AT2G47150	19353114	-
AT2G47245	19398184	+
AT2G47570	19516922	-
AT2G47720	19556624	+
AT2G47935	19617250	+
AT3G01010	4342	+
AT3G01030	6657	+
AT3G01319	106436	-
AT3G01329	119178	-
AT3G01360	138731	-
AT3G01475	183289	+
AT3G01572	223081	-
AT3G01880	307782	+
AT3G01961	325181	+
AT3G01990	330099	+
AT3G02100	370484	-
AT3G02255	426787	+
AT3G02270	451007	-
AT3G02960	668626	-
AT3G02975	669175	+
AT3G03340	786205	+
AT3G03400	809158	-
AT3G03405	810795	-
AT3G03410	811719	-
AT3G03540	848297	-
AT3G03726	934464	-
AT3G03730	936320	-
AT3G03773	951628	+
AT3G03826	978265	+
AT3G03847	982587	-
AT3G03930	1012810	-
AT3G04100	1075299	+
AT3G04184	1100246	-
AT3G04250	1121950	+
AT3G04390	1165765	-
AT3G04410	1168837	+
AT3G04430	1176986	-
AT3G04800	1315045	-
AT3G04903	1350510	+
AT3G04943	1368678	-
AT3G04945	1369532	-
AT3G04990	1384679	-
AT3G05110	1427719	-
AT3G05240	1495381	-
AT3G05310	1510160	+
AT3G05425	1567474	+
AT3G05440	1572718	+
AT3G05450	1576418	-
AT3G05540	1608030	-
AT3G05685	1674908	-
AT3G05746	1703250	+
AT3G05775	1714822	-
AT3G05780	1719608	-
AT3G06000	1801446	+
AT3G06019	1813224	-
AT3G06085	1837623	+
AT3G06230	1885496	+
AT3G06280	1898751	-
AT3G06436	1970340	+
AT3G06545	2038312	+
AT3G06690	2116825	-
AT3G06895	2178129	+
AT3G06970	2201150	-
AT3G06990	2206387	+
AT3G07005	2212063	+
AT3G07273	2317926	-
AT3G07520	2398291	-
AT3G07522	2398874	-
AT3G07710	2464773	-
AT3G07920	2526229	-
AT3G08636	2622666	+
AT3G08750	2657825	-
AT3G09020	2753307	+
AT3G09130	2799312	+
AT3G09380	2886095	-
AT3G09510	2921804	+
AT3G09863	3027292	+
AT3G09990	3075142	-
AT3G10113	3119391	-
AT3G10240	3166698	+
AT3G10280	3180064	+
AT3G10430	3243862	-
AT3G10439	3245329	-
AT3G10510	3275551	-
AT3G10527	3281676	+
AT3G10750	3366927	+
AT3G10790	3377410	+
AT3G10845	3394009	+
AT3G10890	3409000	-
AT3G10900	3412070	-
AT3G10950	3423893	+
AT3G10990	3446995	-
AT3G11060	3466944	-
AT3G11165	3499090	-
AT3G11300	3540473	-
AT3G11310	3544333	-
AT3G11350	3558495	+
AT3G11380	3564079	+
AT3G11390	3569828	+
AT3G11405	3580895	+
AT3G11460	3608250	+
AT3G11720	3708721	-
AT3G11840	3738208	-
AT3G11860	3744816	+
AT3G11870	3749093	-
AT3G11920	3772311	+
AT3G12190	3886183	+
AT3G12230	3901879	-
AT3G12440	3952260	-
AT3G12500	3963984	-
AT3G12660	4019060	+
AT3G12775	4059772	+
AT3G12835	4083369	-
AT3G12840	4085970	-
AT3G12850	4090303	-
AT3G12915	4112834	+
AT3G13010	4164733	-
AT3G13020	4168917	-
AT3G13075	4195219	+
AT3G13220	4250703	-
AT3G13276	4294341	+
AT3G13280	4297000	-
AT3G13370	4341664	+
AT3G13403	4358826	-
AT3G13590	4437334	-
AT3G13662	4467090	+
AT3G13820	4549616	+
AT3G13830	4553943	+
AT3G13882	4574521	+
AT3G14140	4688546	+
AT3G14225	4735993	-
AT3G14250	4746958	-
AT3G14320	4778345	-
AT3G14452	4851696	+
AT3G14463	4852291	+
AT3G14467	4856537	+
AT3G14480	4862153	+
AT3G14490	4865949	-
AT3G14730	4951346	-
AT3G14820	4978726	+
AT3G14970	5039733	-
AT3G14981	5045110	+
AT3G15111	5085860	+
AT3G15200	5119060	-
AT3G15251	5137205	+
AT3G15548	5267063	+
AT3G15578	5273691	+
AT3G15604	5287544	-
AT3G15635	5297396	+
AT3G15740	5334553	-
AT3G15860	5361719	-
AT3G15909	5381603	+
AT3G15910	5382061	+
AT3G15930	5387444	+
AT3G15960	5406461	-
AT3G16117	5464543	+
AT3G16130	5466246	+
AT3G16432	5583943	+
AT3G16540	5628857	-
AT3G16550	5632441	-
AT3G16555	5633426	+
AT3G16590	5651056	-
AT3G16600	5655670	-
AT3G16610	5658335	-
AT3G16712	5692016	-
AT3G16820	5729174	-
AT3G16880	5766733	+
AT3G16930	5778876	+
AT3G16960	5792264	-
AT3G16970	5794090	-
AT3G17140	5846589	-
AT3G17190	5867392	+
AT3G17230	5889236	-
AT3G17261	5898109	-
AT3G17265	5900637	-
AT3G17270	5902886	-
AT3G17280	5904613	-
AT3G17320	5916656	-
AT3G17370	5949644	-
AT3G17400	5954887	+
AT3G17480	5983196	+
AT3G17490	5984827	+
AT3G17500	5986682	+
AT3G17530	6000860	+
AT3G17540	6002783	+
AT3G17550	6006004	-
AT3G17560	6006762	+
AT3G17620	6027694	-
AT3G17675	6042850	-
AT3G17717	6061180	+
AT3G17720	6062446	+
AT3G17765	6078884	+
AT3G18120	6210572	-
AT3G18150	6217929	+
AT3G18180	6230270	+
AT3G18235	6255301	-
AT3G18282	6268586	-
AT3G18340	6294018	+
AT3G18460	6333948	-
AT3G18485	6343178	-
AT3G18518	6360135	+
AT3G18650	6418504	-
AT3G18700	6432905	-
AT3G18775	6468015	-
AT3G18905	6520205	+
AT3G18915	6524051	+
AT3G18957	6541807	-
AT3G19035	6565949	+
AT3G19055	6592316	+
AT3G19070	6593773	+
AT3G19140	6615335	-
AT3G19410	6729585	+
AT3G19565	6796022	+
AT3G19580	6804114	-
AT3G19595	6809508	-
AT3G19613	6814588	+
AT3G19700	6843662	+
AT3G19880	6912604	-
AT3G19890	6916142	-
AT3G19940	6938211	+
AT3G20030	6990254	+
AT3G20362	7103817	+
AT3G20555	7178614	-
AT3G20610	7196723	+
AT3G20690	7232682	-
AT3G20700	7234505	-
AT3G20860	7306180	+
AT3G20900	7324670	-
AT3G20950	7342675	+
AT3G20980	7355963	+
AT3G20997	7363081	-
AT3G21120	7406326	+
AT3G21130	7408246	+
AT3G21165	7418695	+
AT3G21371	7527704	+
AT3G21405	7536082	+
AT3G21410	7537951	-
AT3G21450	7555236	-
AT3G21470	7563503	+
AT3G21473	7565166	+
AT3G21490	7573065	+
AT3G21660	7626654	-
AT3G21830	7693939	-
AT3G21945	7732263	+
AT3G21980	7745143	+
AT3G22010	7754311	+
AT3G22022	7757829	+
AT3G22030	7759317	+
AT3G22040	7761807	+
AT3G22053	7767433	+
AT3G22057	7769346	+
AT3G22085	7781718	-
AT3G22100	7784469	-
AT3G22142	7808046	-
AT3G22183	7831129	+
AT3G22333	7896153	+
AT3G22337	7896819	+
AT3G22345	7899215	+
AT3G22350	7901905	+
AT3G22460	7963855	+
AT3G22580	8003145	-
AT3G22650	8014809	+
AT3G22710	8027274	-
AT3G22720	8030100	-
AT3G22723	8030474	+
AT3G22730	8032459	-
AT3G22770	8048667	-
AT3G22860	8093248	-
AT3G22870	8096230	+
AT3G22935	8130391	+
AT3G22940	8131468	+
AT3G23110	8224871	-
AT3G23122	8234261	+
AT3G23123	8234559	-
AT3G23145	8252138	+
AT3G23165	8265060	-
AT3G23167	8266585	-
AT3G23172	8272657	-
AT3G23245	8300833	-
AT3G23260	8313334	+
AT3G23320	8344629	+
AT3G23420	8387366	-
AT3G23460	8412319	+
AT3G23637	8499888	-
AT3G23650	8511196	-
AT3G23680	8527173	-
AT3G23685	8527239	+
AT3G23715	8536850	+
AT3G23950	8654164	-
AT3G23960	8657736	+
AT3G23970	8661688	-
AT3G24060	8690032	-
AT3G24260	8794961	-
AT3G24270	8797031	-
AT3G24290	8802890	-
AT3G24330	8830336	+
AT3G24465	8895140	-
AT3G24513	8933920	+
AT3G24514	8937382	+
AT3G24516	8937776	-
AT3G24517	8938641	-
AT3G24575	8968261	+
AT3G24580	8969162	+
AT3G24605	8974867	-
AT3G24610	8976575	-
AT3G24670	9008801	-
AT3G24700	9022281	+
AT3G24710	9024367	-
AT3G24730	9030894	-
AT3G24850	9071105	+
AT3G24929	9103981	+
AT3G25012	9111934	+
AT3G25014	9114707	-
AT3G25090	9141094	-
AT3G25200	9176932	+
AT3G25221	9184688	+
AT3G25270	9204965	-
AT3G25280	9206183	+
AT3G25420	9217832	+
AT3G25460	9232666	-
AT3G25490	9241725	+
AT3G25493	9243600	-
AT3G25550	9278878	+
AT3G25650	9336459	-
AT3G25716	9373413	-
AT3G25720	9380234	+
AT3G25727	9394334	-
AT3G25750	9400955	+
AT3G25850	9458954	-
AT3G25880	9470033	-
AT3G25960	9498439	+
AT3G26010	9511901	+
AT3G26040	9519741	+
AT3G26125	9551812	+
AT3G26135	9557425	-
AT3G26235	9602005	+
AT3G26250	9613168	-
AT3G26310	9642779	-
AT3G26390	9663950	-
AT3G26445	9680746	-
AT3G26512	9711769	+
AT3G26616	9788141	-
AT3G26620	9790628	+
AT3G26800	9862173	+
AT3G26820	9881128	+
AT3G26860	9901884	-
AT3G26870	9903680	-
AT3G27030	9974225	-
AT3G27140	10008174	-
AT3G27185	10036359	-
AT3G27329	10114192	+
AT3G27331	10115541	+
AT3G27416	10147892	-
AT3G27480	10175555	-
AT3G27490	10180148	-
AT3G27495	10182561	-
AT3G27600	10224948	-
AT3G27680	10255290	-
AT3G27690	10255906	+
AT3G27720	10271876	+
AT3G27831	10320092	-
AT3G27835	10322306	-
AT3G27840	10323354	+
AT3G27980	10393904	+
AT3G28020	10419149	-
AT3G28155	10485991	-
AT3G28190	10512235	+
AT3G28193	10514762	-
AT3G28216	10523424	-
AT3G28243	10532502	-
AT3G28250	10533324	+
AT3G28280	10541670	-
AT3G28291	10550927	+
AT3G28310	10576961	+
AT3G28320	10581831	+
AT3G28330	10587759	-
AT3G28335	10588152	+
AT3G28380	10628201	-
AT3G28390	10633967	-
AT3G28410	10642071	-
AT3G28415	10651540	-
AT3G28470	10675724	-
AT3G28520	10688323	+
AT3G28530	10690637	+
AT3G28590	10718320	+
AT3G28610	10724990	+
AT3G28620	10727826	+
AT3G28635	10731391	-
AT3G28640	10733032	-
AT3G28674	10747994	-
AT3G28853	10852080	-
AT3G28870	10890355	+
AT3G28875	10892804	+
AT3G28918	10932966	+
AT3G28922	10946033	+
AT3G28925	10957887	+
AT3G28958	10982706	+
AT3G29033	11024007	+
AT3G29050	11040755	-
AT3G29080	11069352	+
AT3G29173	11138404	+
AT3G29190	11163336	-
AT3G29255	11209586	+
AT3G29305	11249491	-
AT3G29340	11262440	-
AT3G29375	11280151	+
AT3G29380	11283524	-
AT3G29385	11285402	-
AT3G29450	11322669	+
AT3G29560	11360208	-
AT3G29570	11364789	-
AT3G29580	11395871	-
AT3G29636	11468857	-
AT3G29645	11481190	-
AT3G29690	11541549	-
AT3G29720	11551369	-
AT3G29740	11578468	+
AT3G29750	11580600	-
AT3G29763	11595441	-
AT3G29765	11597077	-
AT3G29785	11612686	-
AT3G29790	11693622	-
AT3G29791	11695756	+
AT3G29794	14885709	-
AT3G29796	11708561	+
AT3G29800	11720096	+
AT3G29830	11737049	+
AT3G30160	11785377	-
AT3G30200	11834262	-
AT3G30220	11878458	-
AT3G30222	11878907	-
AT3G30230	11881788	-
AT3G30235	11882266	+
AT3G30280	11914366	+
AT3G30290	11919546	-
AT3G30320	11931287	+
AT3G30370	11965719	-
AT3G30430	12064952	+
AT3G30520	12130340	+
AT3G30525	12132865	+
AT3G30705	12271726	-
AT3G30739	12370405	-
AT3G30770	12445493	+
AT3G30805	12489925	-
AT3G30820	12529843	+
AT3G30823	12562099	-
AT3G30840	12589026	-
AT3G30842	12600432	-
AT3G30845	12624754	-
AT3G31350	12702587	+
AT3G31402	12773539	-
AT3G31430	12796871	-
AT3G31550	12836283	+
AT3G31560	12870400	+
AT3G31900	12875071	+
AT3G31950	12950113	+
AT3G32047	13061048	+
AT3G32050	13068582	-
AT3G32090	13078956	+
AT3G32130	13127479	+
AT3G32150	13143627	+
AT3G32160	13145440	+
AT3G32190	13164557	-
AT3G32200	13171527	-
AT3G32260	13219168	+
AT3G32280	13233832	+
AT3G32330	13276082	+
AT3G32380	13315983	-
AT3G32400	13360630	-
AT3G32410	13369133	-
AT3G32896	13424905	+
AT3G32904	13452807	-
AT3G32960	13499677	+
AT3G33187	14021392	-
AT3G33293	14037626	-
AT3G33393	14038234	-
AT3G33494	14038360	+
AT3G42060	14254269	-
AT3G42130	14298883	-
AT3G42140	14303018	-
AT3G42148	14308169	-
AT3G42153	14312254	-
AT3G42155	14313498	-
AT3G42160	14314583	+
AT3G42310	14459818	+
AT3G42390	14518467	-
AT3G42550	14669135	-
AT3G42560	14680265	+
AT3G42565	14683410	-
AT3G42570	14689058	+
AT3G42628	14720872	-
AT3G42660	14751280	+
AT3G42723	14841189	-
AT3G42770	14867122	+
AT3G42780	14871213	+
AT3G42786	14876476	+
AT3G42830	14930678	-
AT3G42870	14949456	+
AT3G42940	15006613	+
AT3G42990	15030354	+
AT3G43148	15139995	+
AT3G43150	15143695	+
AT3G43153	15150916	-
AT3G43160	15166561	+
AT3G43170	15172754	-
AT3G43180	15178043	+
AT3G43260	15219454	+
AT3G43280	15230251	-
AT3G43290	15230568	+
AT3G43340	15285851	-
AT3G43400	15332136	+
AT3G43410	15341109	-
AT3G43415	15343309	-
AT3G43470	15393281	-
AT3G43480	15394463	-
AT3G43490	15398859	+
AT3G43500	15400718	-
AT3G43503	15400717	+
AT3G43550	15448635	+
AT3G43570	15473345	+
AT3G43572	15479233	-
AT3G43574	15480028	-
AT3G43583	15507076	-
AT3G43630	15538816	+
AT3G43645	15560401	+
AT3G43682	15584589	+
AT3G43710	15605608	+
AT3G43750	15646460	+
AT3G43840	15700352	+
AT3G43870	15728176	+
AT3G43880	15738616	-
AT3G43910	15751387	+
AT3G43940	15765371	-
AT3G43950	15766361	+
AT3G44060	15826391	-
AT3G44080	15837126	-
AT3G44090	15839123	+
AT3G44130	15881870	+
AT3G44140	15885380	-
AT3G44170	15894790	+
AT3G44180	15900795	+
AT3G44210	15916270	+
AT3G44230	15932134	+
AT3G44235	15933284	+
AT3G44240	15940184	+
AT3G44261	15954667	-
AT3G44265	15956246	-
AT3G44428	16067725	-
AT3G44435	16069046	-
AT3G44490	16097479	+
AT3G44660	16215785	-
AT3G44704	16244348	-
AT3G44713	16260205	+
AT3G44718	16266314	-
AT3G44780	16322604	-
AT3G44785	16328448	-
AT3G44800	16343333	+
AT3G44805	16350395	+
AT3G44810	16359983	-
AT3G44830	16368890	+
AT3G44840	16373759	-
AT3G44900	16388724	+
AT3G44910	16394579	-
AT3G44935	16409003	+
AT3G44950	16421045	+
AT3G44980	16441023	+
AT3G45110	16508170	+
AT3G45150	16531179	+
AT3G45170	16537538	+
AT3G45180	16539212	-
AT3G45200	16549730	-
AT3G45220	16566330	-
AT3G45243	16575823	+
AT3G45245	16578384	+
AT3G45248	16581929	+
AT3G45285	16614566	+
AT3G45390	16649974	-
AT3G45450	16673146	+
AT3G45460	16680043	-
AT3G45470	16681261	-
AT3G45480	16684592	-
AT3G45500	16689693	-
AT3G45510	16691728	-
AT3G45525	16697828	-
AT3G45540	16707649	-
AT3G45555	16713009	-
AT3G45560	16722674	-
AT3G45570	16726116	-
AT3G45580	16731511	-
AT3G45645	16756784	-
AT3G45670	16765320	+
AT3G45673	16768257	-
AT3G45690	16776268	+
AT3G45720	16785046	+
AT3G45790	16826222	-
AT3G45820	16840983	-
AT3G45851	16861431	+
AT3G45910	16877075	-
AT3G45920	16882182	+
AT3G45940	16889171	-
AT3G45990	16904136	-
AT3G46050	16916072	+
AT3G46070	16920957	-
AT3G46086	16925258	-
AT3G46120	16939766	-
AT3G46140	16948090	+
AT3G46150	16950145	-
AT3G46160	16950955	+
AT3G46240	16988064	-
AT3G46260	16999992	-
AT3G46310	17017825	-
AT3G46340	17026658	+
AT3G46350	17036427	+
AT3G46355	17039609	+
AT3G46360	17043500	-
AT3G46380	17059896	-
AT3G46390	17071683	-
AT3G46410	17079093	+
AT3G46420	17082108	+
AT3G46470	17100973	-
AT3G46480	17103173	+
AT3G46565	17144931	+
AT3G46570	17146867	-
AT3G46613	17165791	+
AT3G46680	17196743	-
AT3G46840	17251011	+
AT3G46845	17255802	-
AT3G46850	17256338	+
AT3G46860	17260234	+
AT3G47020	17319862	+
AT3G47100	17345570	+
AT3G47130	17353714	+
AT3G47140	17357026	+
AT3G47150	17358591	+
AT3G47170	17370494	-
AT3G47341	17441421	+
AT3G47760	17611787	+
AT3G47920	17682952	+
AT3G48131	17775587	-
AT3G48187	17797628	+
AT3G48209	17847681	+
AT3G48220	17853557	-
AT3G48270	17876571	+
AT3G48298	17885667	-
AT3G48400	17923678	+
AT3G48475	17956096	-
AT3G48660	18029659	+
AT3G48675	18034192	+
AT3G48840	18114070	-
AT3G48960	18151412	-
AT3G49020	18169079	+
AT3G49055	18186968	-
AT3G49115	18205775	+
AT3G49130	18210453	+
AT3G49150	18218858	+
AT3G49200	18237646	-
AT3G49440	18336317	-
AT3G49460	18340616	-
AT3G49480	18344137	-
AT3G49510	18353891	+
AT3G49520	18359584	+
AT3G49551	18368988	-
AT3G49610	18391417	-
AT3G49700	18436141	-
AT3G49710	18437845	+
AT3G49744	18450405	-
AT3G49796	18471057	+
AT3G50090	18575432	+
AT3G50123	18587974	+
AT3G50180	18607162	-
AT3G50250	18630478	-
AT3G50373	18685121	-
AT3G50420	18713649	-
AT3G50440	18718396	-
AT3G50540	18757749	+
AT3G50580	18769519	-
AT3G50720	18849430	-
AT3G50730	18853137	-
AT3G50808	18888047	-
AT3G50845	18901209	-
AT3G50925	18926083	-
AT3G51020	18949645	+
AT3G51070	18969068	+
AT3G51190	19017547	-
AT3G51200	19019173	-
AT3G51210	19020886	+
AT3G51560	19125913	-
AT3G52020	19299309	+
AT3G52075	19313420	-
AT3G52320	19404192	-
AT3G52330	19406207	-
AT3G52350	19410148	-
AT3G52690	19530736	+
AT3G52700	19538403	-
AT3G52830	19578005	+
AT3G52941	19633473	-
AT3G52980	19645660	+
AT3G53050	19669084	+
AT3G53060	19670166	+
AT3G53070	19674533	+
AT3G53235	19734695	-
AT3G53290	19758157	+
AT3G53294	19760108	-
AT3G53305	19763618	+
AT3G53330	19772930	+
AT3G53550	19856870	+
AT3G53611	19878542	+
AT3G53640	19888935	-
AT3G53790	19928478	+
AT3G53840	19945571	+
AT3G53910	19960446	-
AT3G54070	20023603	-
AT3G54310	20112944	-
AT3G54363	20132535	-
AT3G54550	20194663	-
AT3G54570	20199202	-
AT3G54990	20376522	-
AT3G55540	20598218	+
AT3G55566	20608742	+
AT3G55570	20610671	-
AT3G55650	20647085	+
AT3G55670	20659503	-
AT3G55672	20660960	+
AT3G55680	20666315	-
AT3G55810	20713236	-
AT3G55900	20742653	-
AT3G56100	20819517	-
AT3G56390	20907354	+
AT3G56450	20930557	+
AT3G56500	20943638	+
AT3G56520	20947731	-
AT3G56530	20950045	-
AT3G56540	20950823	+
AT3G56560	20955404	+
AT3G56670	20989995	-
AT3G56770	21030618	-
AT3G56790	21034455	-
AT3G56820	21041711	-
AT3G56840	21044317	+
AT3G56890	21063717	-
AT3G57072	21125836	-
AT3G57370	21228475	-
AT3G57587	21328263	+
AT3G57700	21384917	+
AT3G57770	21397542	+
AT3G57787	21404843	+
AT3G57840	21422823	+
AT3G57850	21424377	+
AT3G57900	21442574	-
AT3G57960	21463091	+
AT3G57970	21465226	+
AT3G58210	21564067	-
AT3G58230	21567396	-
AT3G58240	21569827	-
AT3G58250	21572143	-
AT3G58280	21579818	-
AT3G58290	21581861	-
AT3G58300	21583390	-
AT3G58320	21586328	-
AT3G58330	21588002	-
AT3G58340	21590401	-
AT3G58360	21594866	-
AT3G58370	21597116	-
AT3G58400	21603855	-
AT3G58410	21606229	-
AT3G58420	21612409	-
AT3G58440	21621249	-
AT3G58585	21665284	+
AT3G58860	21765306	-
AT3G58875	21767298	-
AT3G58877	21768367	-
AT3G58880	21770167	-
AT3G58890	21771046	+
AT3G58910	21776079	-
AT3G58920	21776293	+
AT3G58950	21785840	-
AT3G58960	21788807	-
AT3G58980	21797006	-
AT3G59070	21834514	-
AT3G59130	21862807	-
AT3G59150	21872831	+
AT3G59160	21875023	+
AT3G59170	21878167	+
AT3G59180	21880719	+
AT3G59230	21897787	-
AT3G59240	21900364	-
AT3G59245	21901188	+
AT3G59250	21903284	-
AT3G59260	21903839	+
AT3G59270	21907872	-
AT3G59450	21972840	+
AT3G59460	21977513	+
AT3G59590	22014167	+
AT3G59610	22019553	+
AT3G59710	22057156	-
AT3G59740	22069058	-
AT3G60040	22179728	-
AT3G60060	22182291	+
AT3G60328	22298525	-
AT3G60560	22382458	+
AT3G60590	22398228	+
AT3G60710	22440198	+
AT3G60760	22459202	-
AT3G60790	22464623	+
AT3G60950	22524475	+
AT3G60961	22541319	+
AT3G60975	22564003	+
AT3G61030	22585655	+
AT3G61035	22593649	-
AT3G61040	22596125	-
AT3G61117	22616558	-
AT3G61175	22643309	-
AT3G61290	22684407	+
AT3G61500	22762388	-
AT3G61571	22784182	-
AT3G61720	22845398	-
AT3G61730	22850475	-
AT3G61810	22877168	+
AT3G61826	22886723	-
AT3G61829	22887322	-
AT3G61962	22947233	-
AT3G62030	22973004	+
AT3G62320	23062398	-
AT3G62350	23071766	-
AT3G62440	23097726	-
AT3G62500	23120423	+
AT3G62528	23131655	-
AT3G62615	23155854	-
AT3G62670	23178294	-
AT3G62695	23185929	+
AT3G62850	23239155	-
AT3G63095	23315506	+
AT3G63215	23353991	+
AT3G63230	23359633	+
AT3G63320	23391556	-
AT3G66656	2091798	-
AT4G00005	1536	-
AT4G00070	31426	-
AT4G00120	43197	-
AT4G00140	53449	-
AT4G00155	62235	+
AT4G00163	69145	+
AT4G00190	82040	-
AT4G00234	100919	+
AT4G00260	114971	+
AT4G00280	122851	-
AT4G00295	126509	+
AT4G00315	137404	+
AT4G00320	139939	+
AT4G00342	151912	-
AT4G00416	179022	+
AT4G00467	216076	-
AT4G00600	256610	-
AT4G00610	257943	-
AT4G00651	271879	-
AT4G00883	366716	+
AT4G00889	374116	+
AT4G00890	375350	-
AT4G00920	393767	+
AT4G00953	410090	+
AT4G01030	450642	-
AT4G01160	497006	-
AT4G01170	499497	+
AT4G01180	503394	-
AT4G01240	521972	-
AT4G01245	527591	+
AT4G01260	529547	-
AT4G01340	554539	+
AT4G01380	570076	-
AT4G01390	571595	-
AT4G01516	649862	+
AT4G01520	659178	-
AT4G01535	669339	+
AT4G01640	702563	+
AT4G01671	713389	-
AT4G01703	734365	-
AT4G01735	752873	-
AT4G01740	753422	+
AT4G01780	767310	+
AT4G01830	790447	-
AT4G01895	819957	+
AT4G02090	923122	+
AT4G02180	959964	+
AT4G02190	967372	+
AT4G02235	980955	+
AT4G02250	983970	+
AT4G02310	1015729	-
AT4G02405	1059671	-
AT4G02465	1080962	+
AT4G02489	1097645	-
AT4G02541	1119989	-
AT4G02735	1217509	-
AT4G02870	1272746	-
AT4G02910	1289615	-
AT4G02950	1311198	+
AT4G02970	1317499	+
AT4G03040	1341083	+
AT4G03113	1382741	-
AT4G03153	1395588	-
AT4G03156	1396784	-
AT4G03157	1397351	-
AT4G03160	1397979	+
AT4G03165	1400291	-
AT4G03170	1400832	+
AT4G03220	1417472	+
AT4G03292	1445220	-
AT4G03350	1474509	-
AT4G03370	1478965	-
AT4G03380	1490228	-
AT4G03443	1527716	+
AT4G03480	1548871	-
AT4G03505	1557319	-
AT4G03565	1586747	+
AT4G03570	1594105	-
AT4G03580	1596985	+
AT4G03590	1602950	-
AT4G03620	1608665	-
AT4G03625	1608516	+
AT4G03630	1608750	+
AT4G03728	1652976	-
AT4G03740	1663515	-
AT4G03830	1790440	+
AT4G03930	1870422	+
AT4G03940	1873624	+
AT4G03950	1879518	+
AT4G04078	1961747	-
AT4G04090	1964980	+
AT4G04110	1972591	+
AT4G04200	2027165	+
AT4G04265	2058299	-
AT4G04402	2164007	+
AT4G04404	2166973	+
AT4G04423	2203424	+
AT4G04480	2229649	+
AT4G04580	2294906	-
AT4G04601	2309571	-
AT4G04632	2340049	-
AT4G04650	2355213	-
AT4G04680	2372266	+
AT4G04690	2375135	-
AT4G04710	2392887	-
AT4G04730	2402349	-
AT4G04775	2431120	+
AT4G04957	2527362	-
AT4G04985	2549471	-
AT4G05030	2577974	-
AT4G05071	2594297	-
AT4G05080	2603001	+
AT4G05091	2611781	+
AT4G05095	2614214	-
AT4G05097	2614015	+
AT4G05140	2653208	-
AT4G05230	2687003	+
AT4G05240	2688200	+
AT4G05250	2691460	+
AT4G05260	2693680	+
AT4G05270	2694939	+
AT4G05310	2714765	+
AT4G05340	2725690	+
AT4G05350	2727530	-
AT4G05360	2728204	+
AT4G05470	2765351	-
AT4G05475	2767957	-
AT4G05490	2772252	-
AT4G05523	2809025	-
AT4G05540	2821065	-
AT4G05553	2826047	+
AT4G05555	2848125	-
AT4G05612	2959094	+
AT4G05620	2985449	-
AT4G05630	2988822	-
AT4G05631	2992618	-
AT4G05632	3001664	+
AT4G06479	3067503	+
AT4G06490	3116894	+
AT4G06526	3320945	-
AT4G06639	3523937	-
AT4G06643	3758957	+
AT4G06655	3881431	-
AT4G06688	3920693	+
AT4G07325	4165570	-
AT4G07350	4175227	-
AT4G07380	4193016	-
AT4G07400	4199511	-
AT4G07455	4311373	+
AT4G07524	4345975	-
AT4G07666	4458842	-
AT4G07670	4462911	+
AT4G07675	4467147	-
AT4G07740	4539638	+
AT4G07835	4659714	+
AT4G07932	4732198	+
AT4G07965	4808635	+
AT4G08039	4886035	-
AT4G08097	5004096	+
AT4G08140	5135673	+
AT4G08190	5175476	-
AT4G08250	5196787	+
AT4G08260	5200847	+
AT4G08263	5212137	-
AT4G08267	5216854	+
AT4G08270	5218105	+
AT4G08370	5303314	-
AT4G08380	5312406	-
AT4G08395	5319634	+
AT4G08406	5331909	-
AT4G08410	5341209	-
AT4G08430	5350436	-
AT4G08485	5394782	-
AT4G08530	5421857	+
AT4G08545	5436600	+
AT4G08550	5444345	+
AT4G08560	5450434	+
AT4G08593	5469345	+
AT4G08640	5513313	+
AT4G08730	5578779	-
AT4G08740	5579034	+
AT4G08760	5591133	-
AT4G08800	5614134	+
AT4G08840	5631298	+
AT4G08875	5674220	-
AT4G08876	5677395	+
AT4G08878	5683180	+
AT4G08895	5697896	+
AT4G08990	5764781	+
AT4G09035	5792625	-
AT4G09070	5802308	+
AT4G09120	5813998	+
AT4G09190	5855176	+
AT4G09210	5870289	+
AT4G09260	5887592	+
AT4G09320	5923484	+
AT4G09355	5937751	-
AT4G09360	5940186	+
AT4G09435	5973083	+
AT4G09440	5982748	-
AT4G09450	5983277	+
AT4G09490	6016575	-
AT4G09585	6061648	+
AT4G09590	6066128	+
AT4G09647	6097988	-
AT4G09649	6100698	-
AT4G09660	6104446	+
AT4G09690	6124897	+
AT4G09731	6139717	+
AT4G09740	6145003	-
AT4G09775	6156629	+
AT4G09780	6161378	-
AT4G09784	6162253	+
AT4G09860	6195301	-
AT4G09870	6200089	+
AT4G09880	6214624	+
AT4G09930	6228556	+
AT4G09965	6245686	-
AT4G10190	6350928	+
AT4G10220	6362189	+
AT4G10230	6366261	+
AT4G10305	6391116	-
AT4G10410	6449998	-
AT4G10420	6454209	-
AT4G10457	6467270	-
AT4G10520	6499794	+
AT4G10530	6508600	+
AT4G10540	6515743	-
AT4G10595	6545340	+
AT4G10660	6582535	+
AT4G10670	6584727	+
AT4G10680	6587521	+
AT4G10700	6598658	-
AT4G10740	6618426	-
AT4G10780	6637457	-
AT4G10820	6648909	-
AT4G10870	6684076	-
AT4G10880	6686347	-
AT4G10890	6688833	+
AT4G10950	6713512	-
AT4G11020	6736075	-
AT4G11250	6849578	+
AT4G11340	6899130	-
AT4G11385	6927678	-
AT4G11430	6952799	+
AT4G11490	6978848	+
AT4G11540	6992555	-
AT4G11580	7007738	-
AT4G11590	7008603	+
AT4G11700	7058637	-
AT4G11730	7067035	+
AT4G11745	7076680	-
AT4G11750	7078550	-
AT4G11770	7083469	-
AT4G11870	7140719	-
AT4G11930	7164904	+
AT4G11940	7168173	+
AT4G12100	7248127	-
AT4G12140	7267154	-
AT4G12150	7270267	-
AT4G12190	7278760	-
AT4G12210	7281919	-
AT4G12220	7283739	-
AT4G12280	7301769	+
AT4G12334	7321061	-
AT4G12380	7334469	-
AT4G12495	7410116	+
AT4G12543	7434642	-
AT4G12555	7440116	-
AT4G12617	7459180	+
AT4G12680	7475104	+
AT4G12731	7493360	-
AT4G12810	7523979	-
AT4G12825	7529471	+
AT4G12860	7538902	-
AT4G12920	7568286	+
AT4G12950	7576642	+
AT4G13100	7639037	-
AT4G13280	7736745	-
AT4G13380	7781782	+
AT4G13490	7840284	-
AT4G13570	7884516	+
AT4G13572	7887440	+
AT4G13600	7912892	-
AT4G13610	7915022	+
AT4G13700	7958919	-
AT4G13760	7988058	+
AT4G13885	8030754	-
AT4G13965	8067576	-
AT4G13968	8069134	+
AT4G13985	8081669	-
AT4G14105	8129676	-
AT4G14180	8178330	+
AT4G14225	8198777	+
AT4G14226	8199592	-
AT4G14250	8213237	-
AT4G14260	8217571	-
AT4G14272	8219622	+
AT4G14301	8234227	-
AT4G14358	8267496	+
AT4G14368	8278810	-
AT4G14590	8374391	+
AT4G14670	8410054	+
AT4G14675	8412733	+
AT4G14805	8503199	-
AT4G14810	8504145	+
AT4G14940	8541879	+
AT4G15025	8575687	-
AT4G15050	8590345	-
AT4G15056	8597430	-
AT4G15060	8599035	+
AT4G15070	8606141	-
AT4G15150	8642278	-
AT4G15236	8696677	+
AT4G15245	8706514	+
AT4G15310	8736721	+
AT4G15370	8779685	-
AT4G15733	8961720	+
AT4G15755	8971523	-
AT4G15820	8992970	+
AT4G15870	9010947	-
AT4G15885	9016978	-
AT4G15953	9042897	+
AT4G16024	9081245	-
AT4G16045	9089906	+
AT4G16095	9104547	+
AT4G16155	9157133	-
AT4G16195	9173650	-
AT4G16200	9175649	+
AT4G16215	9179833	-
AT4G16220	9182283	+
AT4G16230	9185298	+
AT4G16240	9192568	-
AT4G16270	9205080	+
AT4G16295	9216135	-
AT4G16400	9260564	+
AT4G16451	9281000	-
AT4G16530	9311355	+
AT4G16560	9328628	-
AT4G16810	9462253	-
AT4G16915	9516724	+
AT4G16930	9530115	-
AT4G17200	9651108	+
AT4G17243	9670055	-
AT4G17505	9766315	-
AT4G17565	9783644	-
AT4G17580	9791145	-
AT4G17585	9793259	-
AT4G17590	9802591	-
AT4G17700	9854322	+
AT4G17710	9859288	-
AT4G17713	9860208	-
AT4G17718	9861995	-
AT4G17780	9881455	-
AT4G17850	9922990	+
AT4G17920	9964090	-
AT4G18080	10033935	-
AT4G18090	10034847	-
AT4G18110	10037718	-
AT4G18150	10050211	+
AT4G18203	10073659	-
AT4G18215	10079928	-
AT4G18260	10097337	-
AT4G18310	10122075	+
AT4G18500	10209411	-
AT4G18596	10238976	+
AT4G18620	10254359	+
AT4G18680	10281033	+
AT4G18720	10299945	+
AT4G18823	10335282	-
AT4G18840	10340356	-
AT4G18860	10344687	+
AT4G18900	10356465	+
AT4G19080	10449796	-
AT4G19090	10449900	+
AT4G19191	10496228	+
AT4G19220	10508121	-
AT4G19240	10529092	-
AT4G19250	10531504	+
AT4G19260	10533296	+
AT4G19270	10538021	-
AT4G19330	10557354	+
AT4G19340	10559610	+
AT4G19360	10564159	+
AT4G19470	10614339	-
AT4G19480	10615316	-
AT4G19485	10614820	+
AT4G19580	10668367	+
AT4G19620	10682844	-
AT4G19650	10691674	+
AT4G19730	10734975	-
AT4G19750	10747127	-
AT4G19760	10750381	+
AT4G19800	10762104	-
AT4G19910	10796687	-
AT4G19930	10803558	+
AT4G19940	10806195	+
AT4G20080	10865295	+
AT4G20090	10870382	-
AT4G20100	10874865	-
AT4G20200	10911151	-
AT4G20220	10918676	+
AT4G20235	10931277	-
AT4G20290	10955584	-
AT4G20470	11032754	-
AT4G20520	11045912	+
AT4G20580	11064922	+
AT4G20590	11068181	+
AT4G20600	11071440	+
AT4G20610	11074699	+
AT4G20620	11077958	+
AT4G20630	11082804	+
AT4G20640	11086063	+
AT4G20670	11092581	+
AT4G20690	11098024	-
AT4G20703	11101724	-
AT4G20707	11102461	+
AT4G20770	11133086	-
AT4G20790	11136423	-
AT4G20810	11143597	-
AT4G20840	11157916	+
AT4G20900	11185844	-
AT4G20935	11201864	+
AT4G20940	11202728	+
AT4G20947	11207709	+
AT4G20953	11211109	-
AT4G20990	11219772	+
AT4G21000	11222529	+
AT4G21010	11227363	-
AT4G21030	11231414	+
AT4G21040	11235505	-
AT4G21050	11238441	+
AT4G21060	11240730	+
AT4G21063	11245074	+
AT4G21080	11255351	-
AT4G21170	11288513	-
AT4G21213	11309879	+
AT4G21230	11321679	-
AT4G21240	11322411	+
AT4G21260	11327543	+
AT4G21330	11349922	+
AT4G21350	11357267	-
AT4G21366	11383541	+
AT4G21480	11435284	-
AT4G21515	11447008	+
AT4G21640	11500618	-
AT4G21690	11527229	+
AT4G21700	11529956	+
AT4G22090	11706042	-
AT4G22100	11709932	-
AT4G22165	11734328	+
AT4G22440	11831024	+
AT4G22463	11838997	+
AT4G22485	11846476	-
AT4G22520	11858614	+
AT4G22600	11901032	-
AT4G22650	11913557	+
AT4G22660	11916171	-
AT4G22870	12002801	-
AT4G23015	12060307	+
AT4G23090	12101483	-
AT4G23120	12113308	+
AT4G23160	12129485	+
AT4G23220	12156881	-
AT4G23230	12160279	-
AT4G23240	12163193	-
AT4G23250	12167026	-
AT4G23260	12170055	-
AT4G23271	12174045	-
AT4G23373	12213435	-
AT4G23380	12216333	-
AT4G23580	12305397	-
AT4G23882	12417553	+
AT4G23940	12437108	+
AT4G23960	12444765	+
AT4G23970	12445680	-
AT4G24030	12486633	-
AT4G24070	12508895	+
AT4G24150	12535972	+
AT4G24231	12568875	+
AT4G24300	12600213	-
AT4G24410	12624039	-
AT4G24413	12625560	-
AT4G24644	12719607	+
AT4G24950	12826282	+
AT4G24973	12840970	+
AT4G24975	12843802	+
AT4G24980	12848376	-
AT4G25330	12957834	+
AT4G25515	13028219	+
AT4G25920	13165475	+
AT4G25930	13168127	+
AT4G25980	13189393	+
AT4G26030	13205537	+
AT4G26040	13206835	+
AT4G26145	13243723	+
AT4G26170	13256930	+
AT4G26250	13289641	+
AT4G26280	13305722	-
AT4G26290	13307822	-
AT4G26300	13313109	-
AT4G26330	13320408	+
AT4G26340	13324130	+
AT4G26350	13326853	+
AT4G26380	13338078	+
AT4G26466	13368629	-
AT4G26483	13376970	-
AT4G26485	13378504	-
AT4G26680	13454853	+
AT4G26730	13472579	+
AT4G26920	13525031	+
AT4G26960	13539653	-
AT4G27420	13714797	-
AT4G27565	13762634	+
AT4G27890	13886033	+
AT4G28005	13930191	-
AT4G28068	13945738	+
AT4G28090	13964229	-
AT4G28130	13971552	+
AT4G28170	13981635	+
AT4G28350	14026577	+
AT4G28380	14040931	-
AT4G28485	14076011	-
AT4G28560	14117367	-
AT4G28580	14123489	+
AT4G28620	14137953	-
AT4G28670	14151387	+
AT4G28755	14203626	+
AT4G28870	14250421	+
AT4G28920	14269885	-
AT4G28930	14271072	+
AT4G29033	14309379	-
AT4G29035	14310315	+
AT4G29090	14333528	+
AT4G29103	14346500	-
AT4G29200	14400198	-
AT4G29280	14428265	-
AT4G29290	14433084	-
AT4G29370	14455602	+
AT4G29450	14482626	-
AT4G29548	14502191	-
AT4G29580	14510147	+
AT4G29630	14522569	+
AT4G29640	14525830	+
AT4G29654	14532454	-
AT4G29770	14575718	+
AT4G29970	14663917	-
AT4G30030	14683484	-
AT4G30040	14685602	+
AT4G30067	14696074	+
AT4G30097	14713661	-
AT4G30300	14831550	-
AT4G30540	14923327	+
AT4G30970	15074588	-
AT4G31030	15111599	-
AT4G31073	15118562	-
AT4G31196	15161173	+
AT4G31280	15186005	-
AT4G31380	15230008	+
AT4G31440	15253731	+
AT4G31441	15254877	+
AT4G31630	15327220	-
AT4G31710	15349121	+
AT4G31715	15353659	+
AT4G31740	15363778	+
AT4G31760	15369724	-
AT4G31850	15403020	+
AT4G32090	15510820	-
AT4G32100	15512218	-
AT4G32200	15548840	+
AT4G32208	15559650	-
AT4G32230	15566971	-
AT4G32370	15625558	+
AT4G32580	15720535	-
AT4G32990	15920230	+
AT4G33000	15924349	+
AT4G33290	16049573	+
AT4G33310	16056156	+
AT4G33320	16057916	-
AT4G33360	16069374	-
AT4G33370	16071405	-
AT4G33870	16236492	-
AT4G33900	16252711	-
AT4G33930	16265420	-
AT4G34080	16326952	+
AT4G34139	16348104	+
AT4G34170	16368087	+
AT4G34210	16379003	+
AT4G34300	16412773	+
AT4G34520	16494205	+
AT4G34690	16556097	-
AT4G35025	16675749	-
AT4G35120	16716806	+
AT4G35150	16728531	-
AT4G35280	16788283	-
AT4G35295	16795333	+
AT4G35370	16815138	+
AT4G35485	16852486	+
AT4G35519	16865370	-
AT4G35590	16892909	+
AT4G35710	16925301	+
AT4G35820	16971221	+
AT4G36170	17113872	+
AT4G36350	17175857	-
AT4G36370	17187250	+
AT4G36460	17213099	-
AT4G36560	17252657	+
AT4G36791	17339077	-
AT4G36795	17338904	+
AT4G37022	17447713	+
AT4G37095	17479107	-
AT4G37170	17500655	-
AT4G37230	17516424	+
AT4G37360	17568858	-
AT4G37380	17573938	-
AT4G37483	17621820	-
AT4G37500	17625388	+
AT4G37685	17705049	+
AT4G37840	17792198	-
AT4G38005	17859104	-
AT4G38030	17866730	-
AT4G38065	17880720	+
AT4G38290	17942871	+
AT4G38300	17945491	-
AT4G38340	17954710	+
AT4G38401	17979885	-
AT4G38405	17980557	-
AT4G38775	18097461	+
AT4G38781	18111193	-
AT4G38870	18133863	-
AT4G38880	18134116	+
AT4G38990	18170949	-
AT4G39020	18182315	+
AT4G39060	18202607	+
AT4G39120	18227988	-
AT4G39290	18286302	-
AT4G39340	18293512	-
AT4G39580	18386811	-
AT4G39620	18395294	+
AT4G39745	18437806	+
AT4G39750	18439138	+
AT4G39756	18441756	+
AT4G39760	18443679	+
AT4G39917	18515213	+
AT4G40011	18551404	-
AT4G40063	18575070	+
AT4G40100	18583244	+
AT5G01017	5339	+
AT5G01080	29086	-
AT5G01140	49891	+
AT5G01305	125304	+
AT5G01440	179822	+
AT5G01580	223852	-
AT5G01680	256640	-
AT5G01860	335630	+
AT5G01881	339838	+
AT5G02070	408220	-
AT5G02210	439874	-
AT5G02330	489242	-
AT5G02340	494150	-
AT5G02360	502329	-
AT5G02660	600499	+
AT5G02900	674060	+
AT5G02980	697993	+
AT5G02990	700169	+
AT5G03000	703268	+
AT5G03090	725281	+
AT5G03400	839202	-
AT5G03480	870855	-
AT5G03553	896846	+
AT5G03750	984796	+
AT5G03810	1015345	-
AT5G03944	1064808	-
AT5G03980	1075289	-
AT5G04030	1088692	-
AT5G04210	1155724	-
AT5G04238	1169411	-
AT5G04267	1182294	-
AT5G04350	1220829	+
AT5G04395	1241555	+
AT5G04475	1267020	+
AT5G04790	1388319	-
AT5G04853	1410703	-
AT5G04933	1451083	+
AT5G04937	1452440	+
AT5G05040	1487968	-
AT5G05050	1491639	+
AT5G05113	1509990	-
AT5G05120	1511232	+
AT5G05150	1526199	-
AT5G05285	1565963	+
AT5G05380	1592013	+
AT5G05420	1604823	-
AT5G05430	1606712	-
AT5G05598	1671812	+
AT5G05635	1684808	-
AT5G05650	1686909	-
AT5G05653	1689568	-
AT5G05675	1695898	+
AT5G05720	1716871	+
AT5G05735	1719966	+
AT5G05910	1776858	+
AT5G06020	1811938	+
AT5G06030	1813919	+
AT5G06040	1815128	+
AT5G06043	1817505	-
AT5G06170	1869791	+
AT5G06500	1982444	+
AT5G06520	1989372	-
AT5G06540	2001049	-
AT5G06640	2041928	-
AT5G06645	2040833	+
AT5G06755	2089287	-
AT5G06810	2108493	+
AT5G06890	2135743	+
AT5G06905	2140078	-
AT5G06920	2142858	+
AT5G06940	2150771	-
AT5G07050	2193416	-
AT5G07160	2220709	-
AT5G07175	2226300	-
AT5G07210	2252237	+
AT5G07225	2270227	-
AT5G07240	2271890	+
AT5G07480	2367167	+
AT5G07545	2386090	+
AT5G07580	2399726	+
AT5G07610	2406068	+
AT5G07630	2410703	+
AT5G08055	2579401	+
AT5G08090	2591711	+
AT5G08310	2675254	-
AT5G08460	2733220	+
AT5G08505	2752356	-
AT5G08550	2770282	-
AT5G08730	2847415	-
AT5G09210	2865359	-
AT5G09280	2881597	-
AT5G09340	2896914	-
AT5G09360	2908658	-
AT5G09560	2967170	+
AT5G09580	2972639	+
AT5G09711	3011147	-
AT5G09940	3101192	+
AT5G10000	3126709	+
AT5G10040	3143723	+
AT5G10340	3253122	+
AT5G10550	3334913	-
AT5G10590	3349468	-
AT5G10880	3432693	+
AT5G10970	3469268	+
AT5G11100	3532402	+
AT5G11180	3561575	-
AT5G11220	3577057	+
AT5G11370	3627849	+
AT5G11400	3638059	-
AT5G11412	3640876	-
AT5G11416	3643010	-
AT5G11425	3648168	-
AT5G11565	3714912	-
AT5G11570	3718276	-
AT5G11660	3748880	+
AT5G11830	3813044	-
AT5G11940	3849283	+
AT5G11975	3863277	+
AT5G12043	3888894	-
AT5G12070	3897408	-
AT5G12090	3909703	+
AT5G12236	3958148	+
AT5G12450	4040937	+
AT5G12460	4043057	+
AT5G12910	4077162	+
AT5G13295	4253953	+
AT5G13600	4380432	+
AT5G14160	4567333	+
AT5G14275	4605007	-
AT5G14300	4613102	+
AT5G14330	4620551	-
AT5G14350	4628703	-
AT5G14560	4693964	+
AT5G14900	4823581	-
AT5G14980	4849600	+
AT5G14995	4853413	+
AT5G15000	4854875	+
AT5G15008	4857139	-
AT5G15025	4867558	-
AT5G15360	4989182	-
AT5G15380	4991347	+
AT5G15420	5008964	-
AT5G15480	5027160	-
AT5G15533	5040836	-
AT5G15560	5064051	+
AT5G15581	5071829	+
AT5G15620	5082465	+
AT5G15660	5095652	+
AT5G15670	5099595	+
AT5G15685	5111820	+
AT5G15745	5137456	+
AT5G15853	5178107	+
AT5G15890	5189348	-
AT5G16180	5279884	+
AT5G16285	5333102	-
AT5G16330	5346977	-
AT5G16430	5370350	+
AT5G16460	5378533	-
AT5G16486	5384226	-
AT5G16580	5427472	-
AT5G16700	5480763	+
AT5G16740	5502856	-
AT5G16860	5543834	+
AT5G17080	5619594	+
AT5G17110	5627474	-
AT5G17120	5629324	-
AT5G17140	5637830	+
AT5G17167	5645309	+
AT5G17200	5655336	-
AT5G17305	5692700	+
AT5G17320	5707637	-
AT5G17345	5715784	+
AT5G17470	5761406	-
AT5G17500	5767379	+
AT5G17720	5845934	+
AT5G17730	5853999	-
AT5G17740	5857934	-
AT5G17750	5860041	-
AT5G17820	5890260	-
AT5G17830	5893382	+
AT5G17847	5898659	+
AT5G17950	5944959	-
AT5G17960	5947464	-
AT5G18160	6002770	+
AT5G18300	6057773	+
AT5G18330	6070042	-
AT5G18403	6095343	+
AT5G18404	6096149	+
AT5G18510	6143886	-
AT5G18735	6251976	-
AT5G18748	6254769	-
AT5G18870	6298386	+
AT5G18880	6301422	-
AT5G18890	6301652	+
AT5G18933	6313387	+
AT5G18937	6324012	+
AT5G18990	6340076	+
AT5G19170	6445245	+
AT5G19270	6487009	-
AT5G19595	6611092	+
AT5G19633	6631434	+
AT5G19675	6649316	-
AT5G19710	6666107	-
AT5G19720	6667664	+
AT5G20310	6857553	+
AT5G20340	6874787	+
AT5G20370	6887458	-
AT5G20447	6910417	+
AT5G20460	6914303	+
AT5G20470	6920120	-
AT5G20690	7002453	+
AT5G20995	7134316	+
AT5G21030	7144272	-
AT5G21050	7147890	+
AT5G21125	7185428	-
AT5G22030	7296344	-
AT5G22145	7340426	+
AT5G22160	7346944	+
AT5G22170	7350575	+
AT5G22180	7353706	-
AT5G22190	7354164	+
AT5G22240	7364689	+
AT5G22505	7473849	-
AT5G22590	7504536	+
AT5G22610	7515217	+
AT5G22670	7539685	-
AT5G22720	7551174	-
AT5G22765	7578283	-
AT5G22785	7589643	+
AT5G22794	7608242	+
AT5G22799	7613398	+
AT5G22810	7621502	+
AT5G22870	7647679	-
AT5G22900	7657224	+
AT5G22910	7663829	-
AT5G22960	7685052	-
AT5G22990	7692468	-
AT5G23180	7801474	+
AT5G23350	7859201	-
AT5G23380	7866742	+
AT5G23411	7886644	+
AT5G23470	7913861	+
AT5G23650	7969812	+
AT5G23903	8066419	+
AT5G23908	8068280	-
AT5G23990	8108590	-
AT5G24050	8129402	-
AT5G24180	8195600	+
AT5G24190	8199757	+
AT5G24215	8221371	+
AT5G24220	8225861	+
AT5G24370	8320969	+
AT5G24440	8347776	-
AT5G24470	8358546	-
AT5G24480	8365036	-
AT5G24550	8395302	-
AT5G24560	8402205	+
AT5G24575	8406151	-
AT5G24879	8552604	-
AT5G24930	8589457	+
AT5G24940	8593601	-
AT5G24950	8597761	-
AT5G25000	8614331	-
AT5G25030	8620991	-
AT5G25195	8716180	+
AT5G25200	8717869	-
AT5G25290	8778592	+
AT5G25300	8780258	+
AT5G25420	8841775	-
AT5G25425	8848549	+
AT5G25600	8914055	-
AT5G25750	8950884	+
AT5G25850	9014082	+
AT5G25860	9018424	-
AT5G25910	9038860	+
AT5G25960	9065011	-
AT5G25990	9077379	-
AT5G25995	9076831	+
AT5G26070	9106341	+
AT5G26100	9117817	-
AT5G26130	9128610	-
AT5G26250	9196758	+
AT5G26262	9203392	-
AT5G26290	9226079	+
AT5G26300	9229326	+
AT5G26580	9394102	-
AT5G26594	9269282	+
AT5G26617	9360462	+
AT5G26620	9366963	-
AT5G26622	9356891	-
AT5G26640	9348174	-
AT5G26650	9343785	+
AT5G26673	9279309	+
AT5G26840	9442605	-
AT5G26890	9460465	+
AT5G26900	9463752	+
AT5G26955	9483363	+
AT5G27010	9507569	-
AT5G27050	9520276	+
AT5G27065	9524329	+
AT5G27070	9527741	+
AT5G27080	9531081	-
AT5G27140	9548542	+
AT5G27170	9566007	+
AT5G27200	9571185	+
AT5G27247	9601589	-
AT5G27260	9603943	+
AT5G27300	9620810	+
AT5G27310	9625449	+
AT5G27340	9635885	+
AT5G27370	9667311	+
AT5G27493	9703194	+
AT5G27510	9713173	+
AT5G27530	9717503	+
AT5G27606	9752002	+
AT5G27790	9842003	-
AT5G27800	9842412	+
AT5G27889	9903437	+
AT5G27890	9903640	+
AT5G27893	9909130	+
AT5G27944	9976592	-
AT5G27945	9976007	+
AT5G27960	9992770	-
AT5G28090	10101042	+
AT5G28160	10137926	+
AT5G28180	10162783	+
AT5G28190	10170696	-
AT5G28210	10188586	+
AT5G28235	10203335	-
AT5G28288	10276626	-
AT5G28295	10283777	-
AT5G28310	10301844	-
AT5G28320	10301936	+
AT5G28340	10314118	+
AT5G28345	10319860	-
AT5G28380	10341007	-
AT5G28390	10342997	-
AT5G28400	10348234	-
AT5G28450	10374190	-
AT5G28462	10381738	+
AT5G28463	10379446	+
AT5G28491	10455807	-
AT5G28550	10559779	-
AT5G28560	10566846	+
AT5G28590	10581559	-
AT5G28615	10611971	+
AT5G28620	10613004	-
AT5G28660	10683218	+
AT5G28720	10776131	+
AT5G28730	10779003	+
AT5G28780	10814173	-
AT5G28820	10831799	+
AT5G28823	10839826	-
AT5G28885	10896741	+
AT5G28920	10943378	-
AT5G28950	10992505	+
AT5G29050	11111692	+
AT5G29054	11117014	-
AT5G29070	11133516	-
AT5G29210	11153945	-
AT5G29613	11280577	+
AT5G29624	11285138	+
AT5G30341	11365987	+
AT5G30360	11550429	+
AT5G30520	11636638	-
AT5G31412	11543768	-
AT5G32590	12224322	-
AT5G32613	12263255	+
AT5G33393	12658588	-
AT5G33406	12678403	-
AT5G33806	12784839	+
AT5G33898	12787599	+
AT5G34581	12920366	+
AT5G34780	12963892	-
AT5G34828	13094344	-
AT5G34829	12982889	-
AT5G34830	12981645	+
AT5G34870	13185521	+
AT5G34882	13195705	+
AT5G34908	13225067	+
AT5G35050	13311854	-
AT5G35067	13335217	+
AT5G35069	13336475	+
AT5G35120	13387175	-
AT5G35195	13449749	-
AT5G35230	13491673	-
AT5G35300	13518317	+
AT5G35338	13550124	-
AT5G35380	13596293	-
AT5G35475	13687326	-
AT5G35540	13722137	+
AT5G35600	13771712	-
AT5G35604	13789345	-
AT5G35610	13820293	-
AT5G35640	13834633	+
AT5G35695	13869120	+
AT5G35698	13871715	+
AT5G35737	13907164	+
AT5G35760	13934108	+
AT5G35810	13994549	-
AT5G35830	14001416	-
AT5G35890	14026726	-
AT5G35917	14049123	+
AT5G35920	14056437	+
AT5G35926	14062676	+
AT5G35945	14093675	+
AT5G35950	14104943	+
AT5G36080	14184423	+
AT5G36190	14243546	-
AT5G36200	14246296	-
AT5G36225	14264735	-
AT5G36240	14278924	-
AT5G36300	14320578	+
AT5G36310	14325058	-
AT5G36320	14327257	-
AT5G36330	14330209	-
AT5G36340	14331633	-
AT5G36360	14336024	-
AT5G36370	14338221	-
AT5G36380	14340418	-
AT5G36390	14342613	-
AT5G36400	14344808	-
AT5G36410	14347003	-
AT5G36420	14349198	-
AT5G36430	14351393	-
AT5G36440	14353589	-
AT5G36460	14357982	-
AT5G36480	14362376	-
AT5G36490	14364573	-
AT5G36500	14366770	-
AT5G36520	14371170	-
AT5G36540	14375557	-
AT5G36550	14377750	-
AT5G36657	14384176	-
AT5G36658	14386428	-
AT5G36659	14388621	-
AT5G36661	14390785	-
AT5G36662	14392975	-
AT5G36680	14409137	-
AT5G36690	14417288	-
AT5G36720	14429924	-
AT5G36730	14436317	+
AT5G36738	14450084	-
AT5G36739	14452274	-
AT5G36780	14476588	-
AT5G36805	14489224	-
AT5G36820	14495617	+
AT5G36900	14546924	+
AT5G36980	14607754	-
AT5G37030	14636939	-
AT5G37040	14639135	+
AT5G37050	14641421	-
AT5G37140	14690436	+
AT5G37150	14701330	+
AT5G37160	14705426	+
AT5G37165	14707022	+
AT5G37200	14727832	+
AT5G37220	14733877	+
AT5G37270	14758559	-
AT5G37280	14761925	-
AT5G37320	14777931	+
AT5G37415	14840301	-
AT5G37420	14840143	+
AT5G37430	14842430	+
AT5G37460	14860362	-
AT5G37473	14871153	-
AT5G37520	14902670	+
AT5G37560	14921986	+
AT5G37620	14944354	-
AT5G37640	14953750	-
AT5G37650	14955834	-
AT5G37715	14979445	-
AT5G37760	14997168	+
AT5G37793	15022612	+
AT5G37860	15070555	-
AT5G37870	15074851	-
AT5G37900	15094802	-
AT5G37910	15097318	-
AT5G37920	15101170	-
AT5G37960	15121438	+
AT5G37970	15124435	-
AT5G37990	15135169	-
AT5G38080	15192645	-
AT5G38090	15194089	-
AT5G38190	15234188	+
AT5G38260	15285837	-
AT5G38270	15289032	+
AT5G38317	15314060	+
AT5G38378	15344448	+
AT5G38391	15368254	+
AT5G38392	15369685	+
AT5G38396	15373094	+
AT5G38400	15375846	+
AT5G38440	15390223	+
AT5G38500	15417253	-
AT5G38570	15450601	-
AT5G38580	15451842	-
AT5G38620	15464907	-
AT5G38670	15475786	+
AT5G38680	15477324	+
AT5G38740	15514305	-
AT5G38743	15517299	+
AT5G38747	15518329	+
AT5G38750	15522650	+
AT5G38810	15541540	-
AT5G38920	15582439	-
AT5G38950	15590693	+
AT5G39024	15619691	+
AT5G39140	15667761	-
AT5G39170	15681325	-
AT5G39200	15695042	-
AT5G39230	15709474	+
AT5G39370	15757717	+
AT5G39390	15765469	-
AT5G39430	15777599	-
AT5G39440	15781907	+
AT5G39460	15790004	-
AT5G39470	15793062	-
AT5G39480	15803341	-
AT5G39490	15807508	-
AT5G39540	15834420	-
AT5G39620	15865782	-
AT5G39630	15868262	+
AT5G39640	15873269	-
AT5G39645	15873680	-
AT5G39690	15888171	+
AT5G39700	15894424	-
AT5G39750	15906875	+
AT5G39770	15927549	-
AT5G39775	15923803	+
AT5G39910	15981671	-
AT5G39980	16003072	-
AT5G40050	16033551	-
AT5G40070	16039179	+
AT5G40120	16051879	+
AT5G40153	16060342	+
AT5G40220	16079364	-
AT5G40290	16108501	-
AT5G40315	16119247	+
AT5G40400	16166231	+
AT5G40430	16177731	-
AT5G40560	16243537	+
AT5G40595	16253510	+
AT5G40680	16288754	+
AT5G40750	16308356	+
AT5G40855	16369350	-
AT5G40940	16407930	-
AT5G41025	16426679	+
AT5G41030	16428706	+
AT5G41071	16440069	+
AT5G41109	16452593	-
AT5G41200	16490544	+
AT5G41250	16502902	-
AT5G41310	16522392	-
AT5G41401	16572189	-
AT5G41430	16586604	-
AT5G41440	16587609	-
AT5G41450	16589094	-
AT5G41490	16600445	+
AT5G41500	16604002	+
AT5G41510	16607124	+
AT5G41530	16611660	+
AT5G41540	16616063	-
AT5G41630	16650282	+
AT5G41640	16654635	-
AT5G41840	16756263	-
AT5G41860	16757951	+
AT5G42040	16814749	-
AT5G42242	16891909	-
AT5G42260	16898712	+
AT5G42325	16924851	-
AT5G42430	16972499	-
AT5G42460	16979773	+
AT5G42504	16996900	+
AT5G42635	17076227	+
AT5G42640	17088695	+
AT5G42797	17163196	+
AT5G42905	17202323	-
AT5G42957	17234132	-
AT5G42965	17236736	+
AT5G43000	17247202	-
AT5G43064	17282272	+
AT5G43066	17284583	+
AT5G43090	17295933	+
AT5G43110	17309842	+
AT5G43155	17328460	+
AT5G43160	17329275	+
AT5G43211	17348886	-
AT5G43285	17370857	-
AT5G43340	17395148	-
AT5G43360	17409524	+
AT5G43401	17429097	-
AT5G43410	17435405	-
AT5G43480	17467643	-
AT5G43550	17497892	+
AT5G43640	17531302	+
AT5G43660	17538595	-
AT5G43755	17583772	-
AT5G43820	17618948	+
AT5G43935	17682179	+
AT5G44010	17709199	-
AT5G44063	17732319	+
AT5G44065	17733485	+
AT5G44140	17762491	+
AT5G44220	17810477	+
AT5G44265	17833316	-
AT5G44270	17833636	+
AT5G44316	17852911	+
AT5G44330	17857325	+
AT5G44345	17862113	+
AT5G44470	17918739	+
AT5G44495	17926710	-
AT5G44540	17941646	-
AT5G44566	17963783	-
AT5G44590	17987591	+
AT5G44640	18011146	+
AT5G44690	18032293	-
AT5G44760	18060586	+
AT5G44830	18101885	-
AT5G44850	18108304	+
AT5G44940	18149369	+
AT5G44950	18151665	+
AT5G44960	18153852	+
AT5G44970	18155837	+
AT5G45060	18182038	+
AT5G45090	18205000	-
AT5G45113	18233521	-
AT5G45120	18241003	+
AT5G45180	18276586	-
AT5G45210	18295437	+
AT5G45230	18308303	-
AT5G45240	18313706	+
AT5G45277	18341840	-
AT5G45573	18476576	-
AT5G45640	18511616	-
AT5G46000	18656376	-
AT5G46025	18665596	-
AT5G46040	18673551	-
AT5G46090	18693485	+
AT5G46270	18769090	-
AT5G46310	18785672	+
AT5G46395	18819755	-
AT5G46660	18932181	+
AT5G46810	18991164	+
AT5G46820	18993633	+
AT5G46825	19002045	+
AT5G46874	19022383	+
AT5G46915	19053200	-
AT5G46980	19066007	-
AT5G47077	19123779	-
AT5G47229	19179849	-
AT5G47260	19189411	+
AT5G47280	19193157	+
AT5G47290	19197431	-
AT5G47300	19198125	+
AT5G47340	19209507	+
AT5G47360	19215878	-
AT5G47400	19229162	+
AT5G48060	19475296	+
AT5G48200	19545255	+
AT5G48205	19547787	-
AT5G48280	19567688	-
AT5G48375	19603883	-
AT5G48420	19626790	-
AT5G48510	19658080	+
AT5G48515	19660201	-
AT5G48595	19700640	+
AT5G48700	19750013	-
AT5G48750	19770819	-
AT5G48770	19777242	-
AT5G48860	19812865	-
AT5G49040	19883251	-
AT5G49050	19883929	+
AT5G49140	19923415	-
AT5G49150	19924354	+
AT5G49240	19962934	+
AT5G49250	19965343	+
AT5G49260	19966799	+
AT5G49340	20009038	-
AT5G49490	20075328	+
AT5G49590	20128736	+
AT5G49750	20210878	+
AT5G49860	20265334	-
AT5G50115	20379489	+
AT5G50140	20395856	+
AT5G50220	20447200	-
AT5G50270	20457487	+
AT5G50345	20497401	+
AT5G50361	20506578	-
AT5G50470	20555758	-
AT5G50500	20562557	-
AT5G50510	20568075	-
AT5G50562	20580442	-
AT5G50620	20601416	-
AT5G50910	20709282	-
AT5G50930	20722069	+
AT5G51000	20743669	-
AT5G51090	20773194	-
AT5G51195	20804268	-
AT5G51250	20830743	+
AT5G51360	20871918	+
AT5G51585	20952557	+
AT5G51610	20965577	+
AT5G51650	20979249	-
AT5G51795	21044194	-
AT5G51900	21094454	-
AT5G51915	21095146	+
AT5G52000	21121119	-
AT5G52045	21131700	-
AT5G52080	21167243	+
AT5G52090	21169462	-
AT5G52115	21174321	+
AT5G52130	21183875	-
AT5G52140	21186872	-
AT5G52150	21191303	-
AT5G52290	21236554	-
AT5G52350	21254911	+
AT5G52460	21293758	-
AT5G52490	21298857	+
AT5G52605	21345600	-
AT5G52610	21347478	-
AT5G52620	21349681	-
AT5G52630	21350375	+
AT5G52640	21352557	+
AT5G52690	21370499	+
AT5G52700	21372820	+
AT5G52770	21389766	+
AT5G52850	21417616	-
AT5G52965	21478841	+
AT5G53010	21496537	-
AT5G53040	21507948	-
AT5G53100	21526250	+
AT5G53260	21605674	-
AT5G53410	21667939	+
AT5G53510	21738849	+
AT5G53600	21777107	+
AT5G53635	21787444	-
AT5G53640	21790690	-
AT5G53670	21796997	+
AT5G53720	21806622	+
AT5G53740	21811633	+
AT5G53742	21813671	+
AT5G53780	21841977	-
AT5G53790	21843501	+
AT5G53840	21860672	-
AT5G53905	21889254	-
AT5G53910	21890643	+
AT5G54035	21926239	+
AT5G54040	21930637	-
AT5G54043	21929588	+
AT5G54067	21942146	-
AT5G54150	21978237	-
AT5G54210	22008612	+
AT5G54320	22062805	+
AT5G54330	22064993	+
AT5G54340	22066831	+
AT5G54350	22070135	+
AT5G54360	22071862	+
AT5G54410	22094906	-
AT5G54420	22095804	+
AT5G54450	22109379	-
AT5G54460	22110949	-
AT5G54480	22118004	+
AT5G54570	22170235	-
AT5G54620	22189746	-
AT5G54700	22225509	-
AT5G54745	22241233	-
AT5G54820	22269859	+
AT5G55080	22353058	-
AT5G55131	22376583	+
AT5G55150	22383392	-
AT5G55508	22485872	+
AT5G55670	22546801	-
AT5G55750	22566021	-
AT5G55770	22571645	+
AT5G55790	22581335	-
AT5G55800	22581694	+
AT5G55820	22586287	+
AT5G55830	22594655	+
AT5G55855	22605805	+
AT5G55856	22607927	+
AT5G55870	22613311	-
AT5G55880	22620204	-
AT5G55890	22623837	-
AT5G56070	22708679	+
AT5G56075	22709756	+
AT5G56110	22719191	+
AT5G56325	22812213	+
AT5G56368	22833964	+
AT5G56390	22844273	-
AT5G56400	22847615	-
AT5G56410	22850331	-
AT5G56440	22857117	-
AT5G56452	22861336	-
AT5G56470	22869060	+
AT5G56480	22870817	-
AT5G56555	22898714	+
AT5G56560	22899724	+
AT5G56570	22902736	+
AT5G56600	22910710	-
AT5G56690	22939723	+
AT5G56770	22963989	-
AT5G56800	22972989	+
AT5G56820	22976334	+
AT5G56985	23056476	+
AT5G57250	23198524	-
AT5G57535	23302549	-
AT5G57569	23312029	+
AT5G57750	23399668	+
AT5G57820	23428601	+
AT5G58450	23626826	+
AT5G58460	23635037	-
AT5G58820	23751956	+
AT5G58850	23763945	+
AT5G58890	23780832	+
AT5G59110	23864048	-
AT5G59190	23885855	+
AT5G59280	23915139	-
AT5G59300	23921193	-
AT5G59616	24017511	+
AT5G59650	24031346	+
AT5G59860	24113462	+
AT5G59895	24123590	-
AT5G60000	24159780	-
AT5G60080	24194909	-
AT5G60110	24201954	+
AT5G60215	24247622	+
AT5G60240	24251382	+
AT5G60260	24256285	-
AT5G60265	24256375	+
AT5G60290	24262864	+
AT5G60310	24268011	+
AT5G60320	24270808	+
AT5G60380	24285920	+
AT5G60560	24345949	+
AT5G60805	24465487	-
AT5G60830	24472639	+
AT5G61050	24566615	-
AT5G61180	24612867	+
AT5G61320	24656638	-
AT5G61400	24681550	+
AT5G61470	24722870	+
AT5G61495	24733485	-
AT5G61750	24813436	-
AT5G61940	24867945	+
AT5G61997	24908384	-
AT5G62060	24927688	+
AT5G62065	24929207	+
AT5G62120	24948225	-
AT5G62160	24960107	+
AT5G62510	25096635	-
AT5G62573	25114210	-
AT5G62623	25140727	+
AT5G62660	25157465	-
AT5G62780	25213386	+
AT5G62860	25232632	+
AT5G62970	25272033	+
AT5G62998	25279995	-
AT5G63063	25297420	+
AT5G63170	25340096	-
AT5G63340	25378894	+
AT5G63375	25384040	+
AT5G63595	25460436	-
AT5G63730	25509706	-
AT5G63740	25511456	-
AT5G63820	25541576	+
AT5G63980	25610002	+
AT5G64395	25748297	-
AT5G64401	25750602	-
AT5G64450	25771949	+
AT5G64590	25823201	-
AT5G64820	25914523	-
AT5G65005	25967824	+
AT5G65274	26085300	+
AT5G65330	26110326	+
AT5G65350	26119825	-
AT5G65370	26121708	+
AT5G65570	26203968	+
AT5G65580	26207654	+
AT5G65609	26219345	-
AT5G65610	26219442	+
AT5G65613	26220985	-
AT5G65710	26292372	+
AT5G65820	26341789	-
AT5G66053	26416807	-
AT5G66150	26444434	-
AT5G66335	26501531	+
AT5G66340	26502502	+
AT5G66370	26512824	-
AT5G66430	26526799	-
AT5G66595	26583426	-
AT5G66631	26596207	+
AT5G66930	26725839	+
AT5G66970	26741125	-
AT5G66990	26745362	-
AT5G67010	26749616	-
AT5G67040	26758475	-
ATCG00020	1444	-
ATCG00040	3636	-
ATCG00050	6188	-
ATCG00065	69724	-
ATCG00070	7017	+
ATCG00080	7583	+
ATCG00120	11461	-
ATCG00130	12798	-
ATCG00140	13507	-
ATCG00150	14770	-
ATCG00160	15723	-
ATCG00170	20068	-
ATCG00180	23084	-
ATCG00190	26329	-
ATCG00210	28089	+
ATCG00220	28811	-
ATCG00270	32711	+
ATCG00280	33720	+
ATCG00300	35751	+
ATCG00330	37240	-
ATCG00340	39579	-
ATCG00350	41857	-
ATCG00360	43751	-
ATCG00380	45828	-
ATCG00420	49153	-
ATCG00430	49934	-
ATCG00440	50363	-
ATCG00470	52663	-
ATCG00480	54156	-
ATCG00490	54958	+
ATCG00500	57075	+
ATCG00510	59247	+
ATCG00520	59772	+
ATCG00530	60741	+
ATCG00540	61657	+
ATCG00550	63660	-
ATCG00560	63920	-
ATCG00570	64061	-
ATCG00580	64322	-
ATCG00590	65712	+
ATCG00600	65998	+
ATCG00630	66929	+
ATCG00640	67488	+
ATCG00650	67917	+
ATCG00660	68865	-
ATCG00670	71882	-
ATCG00680	72371	+
ATCG00690	74082	+
ATCG00700	74380	-
ATCG00710	74485	+
ATCG00720	74841	+
ATCG00730	76481	+
ATCG00740	78890	-
ATCG00750	79376	-
ATCG00760	79602	-
ATCG00770	80472	-
ATCG00780	81064	-
ATCG00790	82652	-
ATCG00800	83482	-
ATCG00810	83949	-
ATCG00820	84283	-
ATCG00830	85843	-
ATCG00840	86143	-
ATCG00860	86474	+
ATCG00870	93495	+
ATCG00890	96795	-
ATCG00900	97945	-
ATCG00905	98793	-
ATCG01000	109405	+
ATCG01010	112638	-
ATCG01020	113449	+
ATCG01040	114461	+
ATCG01050	117185	-
ATCG01060	117563	-
ATCG01070	118109	-
ATCG01080	118907	-
ATCG01090	119762	-
ATCG01100	122009	-
ATCG01110	123192	-
ATCG01120	123562	-
ATCG01130	129244	-
ATCG01230	139856	+
ATCG01240	140704	+
ATCG01250	141854	+
ATCG01270	145154	-
ATCG01280	152175	-
ATCG01300	152506	+
ATCG01310	152806	+
ATMG00010	734	-
ATMG00030	11918	+
ATMG00040	17791	-
ATMG00050	16856	+
ATMG00060	22086	-
ATMG00070	24235	-
ATMG00080	25615	-
ATMG00090	28733	-
ATMG00110	30463	+
ATMG00120	32472	-
ATMG00130	34190	+
ATMG00140	34599	+
ATMG00150	35782	+
ATMG00160	42628	-
ATMG00170	48113	+
ATMG00180	53611	-
ATMG00200	56090	-
ATMG00210	57774	+
ATMG00220	60235	+
ATMG00240	69253	-
ATMG00260	76132	+
ATMG00270	77259	-
ATMG00280	78151	-
ATMG00285	81297	-
ATMG00290	83116	-
ATMG00300	90054	-
ATMG00310	91347	-
ATMG00320	91001	+
ATMG00370	105553	-
ATMG00400	111403	-
ATMG00430	115431	+
ATMG00440	116296	+
ATMG00450	119701	-
ATMG00470	127843	-
ATMG00480	129909	+
ATMG00490	130817	+
ATMG00500	130968	+
ATMG00510	132071	+
ATMG00513	142998	-
ATMG00516	147048	-
ATMG00520	146312	-
ATMG00530	147611	-
ATMG00540	150783	+
ATMG00550	151747	-
ATMG00560	154744	+
ATMG00570	157491	+
ATMG00580	161693	+
ATMG00590	169796	+
ATMG00600	174205	+
ATMG00610	177027	-
ATMG00620	182278	+
ATMG00630	183111	+
ATMG00640	188662	-
ATMG00650	189231	-
ATMG00660	190553	-
ATMG00665	190761	-
ATMG00670	191882	-
ATMG00680	201729	+
ATMG00690	204310	-
ATMG00710	207915	-
ATMG00720	209499	+
ATMG00740	220773	-
ATMG00750	220830	+
ATMG00760	222029	-
ATMG00770	222989	-
ATMG00810	228431	-
ATMG00820	229085	-
ATMG00830	233042	-
ATMG00840	234903	-
ATMG00850	235338	+
ATMG00860	235916	+
ATMG00870	237481	-
ATMG00880	237053	+
ATMG00890	239956	-
ATMG00900	240758	-
ATMG00910	241953	-
ATMG00920	249919	-
ATMG00940	251897	-
ATMG00960	257476	-
ATMG00970	258398	-
ATMG00980	260601	-
ATMG00990	261006	-
ATMG01000	261307	-
ATMG01010	261461	-
ATMG01020	262078	-
ATMG01030	264433	-
ATMG01040	270561	-
ATMG01050	273423	-
ATMG01060	274899	+
ATMG01090	279463	+
ATMG01100	281614	+
ATMG01110	283789	-
ATMG01120	289083	-
ATMG01130	289517	-
ATMG01140	293431	-
ATMG01150	294296	-
ATMG01180	301301	-
ATMG01190	303689	-
ATMG01200	304720	-
ATMG01210	305084	-
ATMG01220	305562	-
ATMG01230	308932	+
ATMG01240	309640	-
ATMG01250	310514	+
ATMG01260	313162	-
ATMG01270	314627	+
ATMG01275	318390	-
ATMG01280	319463	-
ATMG01290	324259	+
ATMG01300	325300	+
ATMG01310	326099	+
ATMG01320	333105	-
ATMG01330	329465	-
ATMG01350	346757	+
ATMG01360	351413	-
ATMG01370	361052	-
ATMG01400	363725	+
ATMG01410	366700	-
