GeneIdentifier	Start_exon_1	Read_QNAME	Read_START
AT1G01130	63557	MISEQ:81:000000000-A0RAN:1:1101:23873:6374	63661
AT1G01130	63557	HWI-1KL168:41:H7GWJADXX:1:2103:8171:71002	63694
AT1G01130	63557	HWI-1KL168:41:H7GWJADXX:2:1107:17083:80439	63694
AT1G01130	63557	HWI-1KL168:41:H7GWJADXX:1:2211:15686:99752	63694
AT1G01130	63557	HWI-1KL168:41:H7GWJADXX:2:2105:19114:20994	63694
AT1G01130	63557	HWI-1KL168:41:H7GWJADXX:2:1113:19497:17347	63699
AT1G01130	63557	HWI-1KL168:41:H7GWJADXX:2:1213:2899:15028	63705
AT1G01130	63557	HWI-1KL168:41:H7GWJADXX:2:2108:13961:36212	63707
AT1G01130	63557	HWI-1KL168:41:H7GWJADXX:1:2209:16567:94718	63710
AT1G01130	63557	HWI-1KL168:41:H7GWJADXX:2:1211:19897:21025	63711
AT1G01130	63557	HWI-1KL168:41:H7GWJADXX:1:2102:19314:25306	63711
AT1G01130	63557	HWI-1KL168:41:H7GWJADXX:2:1212:19196:40463	63711
AT1G01130	63557	HWI-1KL168:41:H7GWJADXX:1:1207:18985:38195	63711
AT1G01130	63557	HWI-1KL168:41:H7GWJADXX:2:2211:13478:35518	63713
AT1G01130	63557	HWI-1KL168:41:H7GWJADXX:2:1202:11797:52467	63713
AT1G01130	63557	HWI-1KL168:41:H7GWJADXX:2:1102:17481:67910	63713
AT1G01130	63557	HWI-1KL168:41:H7GWJADXX:1:2203:6236:90947	63713
AT1G01130	63557	HWI-1KL168:41:H7GWJADXX:1:1103:16177:67274	63713
AT1G01130	63557	HWI-1KL168:41:H7GWJADXX:2:1203:10593:58799	63713
AT1G01130	63557	HWI-1KL168:41:H7GWJADXX:1:2107:20492:18687	63713
AT1G01130	63557	HWI-1KL168:41:H7GWJADXX:2:1111:18048:18926	63716
AT1G01130	63557	HWI-1KL168:41:H7GWJADXX:1:1102:1182:25824	63718
AT1G01130	63557	HWI-1KL168:41:H7GWJADXX:2:2101:15514:25069	63718
AT1G01130	63557	HWI-1KL168:41:H7GWJADXX:2:1206:12306:41573	63718
AT1G01130	63557	HWI-1KL168:41:H7GWJADXX:2:2105:16956:81630	63719
AT1G01130	63557	HWI-1KL168:41:H7GWJADXX:2:2106:16256:37072	63719
AT1G01130	63557	HWI-1KL168:41:H7GWJADXX:1:2102:2283:91564	63719
AT1G01130	63557	HWI-1KL168:41:H7GWJADXX:1:2105:14142:33844	63719
AT1G01130	63557	HWI-1KL168:41:H7GWJADXX:2:2204:9903:90409	63719
AT1G01130	63557	HWI-1KL168:41:H7GWJADXX:2:2206:4799:98541	63719
AT1G01130	63557	HWI-1KL168:41:H7GWJADXX:2:2213:19998:24919	63719
AT1G01130	63557	HWI-1KL168:41:H7GWJADXX:1:1208:8051:85900	63720
AT1G01130	63557	HWI-1KL168:41:H7GWJADXX:1:1214:5760:87079	63720
AT1G01130	63557	HWI-1KL168:41:H7GWJADXX:2:1216:4408:87997	63722
AT1G01130	63557	HWI-1KL168:41:H7GWJADXX:2:1211:18743:32996	63723
AT1G01130	63557	MISEQ:81:000000000-A0RAN:1:1111:14660:14228	63724
AT1G01130	63557	HWI-1KL168:41:H7GWJADXX:1:2103:7942:69018	63727
AT1G01130	63557	HWI-1KL168:41:H7GWJADXX:1:1202:3071:40505	63727
AT1G01130	63557	HWI-1KL168:41:H7GWJADXX:1:1104:13553:42466	63727
AT1G01130	63557	HWI-1KL168:41:H7GWJADXX:1:1111:7166:94432	63727
AT1G01130	63557	HWI-1KL168:41:H7GWJADXX:2:2114:14151:54772	63728
AT1G01130	63557	HWI-1KL168:41:H7GWJADXX:2:2214:1607:88017	63728
AT1G01130	63557	HWI-1KL168:41:H7GWJADXX:1:1201:7779:52959	63728
AT1G01130	63557	HWI-1KL168:41:H7GWJADXX:1:2101:6744:86772	63728
AT1G01130	63557	HWI-1KL168:41:H7GWJADXX:1:2213:6925:70459	63729
AT1G01130	63557	HWI-1KL168:41:H7GWJADXX:2:1115:4349:98841	63729
AT1G01130	63557	HWI-1KL168:41:H7GWJADXX:2:2108:13590:32749	63729
AT1G01130	63557	HWI-1KL168:41:H7GWJADXX:2:1109:10229:97100	63729
AT1G01130	63557	HWI-1KL168:41:H7GWJADXX:2:2108:3140:39073	63730
AT1G01130	63557	HWI-1KL168:41:H7GWJADXX:2:2103:5238:9993	63731
AT1G01130	63557	HWI-1KL168:41:H7GWJADXX:1:1106:1602:33742	63733
AT1G01130	63557	HWI-1KL168:41:H7GWJADXX:1:2209:12425:36041	63733
AT1G01130	63557	HWI-1KL168:41:H7GWJADXX:1:2202:9752:5369	63734
AT1G01130	63557	HWI-1KL168:41:H7GWJADXX:2:1107:15257:37040	63737
AT1G01130	63557	HWI-1KL168:41:H7GWJADXX:2:2106:13285:84273	63742
AT1G01130	63557	HWI-1KL168:41:H7GWJADXX:2:2203:16342:78805	63742
AT1G01130	63557	HWI-1KL168:41:H7GWJADXX:2:2106:16265:28892	63746
AT1G01130	63557	HWI-1KL168:41:H7GWJADXX:2:2203:15125:77802	63749
AT1G01130	63557	HWI-1KL168:41:H7GWJADXX:1:1207:6190:37976	63750
AT1G01130	63557	HWI-1KL168:41:H7GWJADXX:1:2109:11904:55605	63750
AT1G01130	63557	HWI-1KL168:41:H7GWJADXX:1:1104:8977:81420	63750
AT1G01130	63557	HWI-1KL168:41:H7GWJADXX:1:2107:10659:10623	63750
AT1G01130	63557	HWI-1KL168:41:H7GWJADXX:2:1113:19641:52868	63753
AT1G01130	63557	HWI-1KL168:41:H7GWJADXX:2:2104:2512:19612	63753
AT1G01130	63557	HWI-1KL168:41:H7GWJADXX:2:1203:17153:90325	63753
AT1G01130	63557	HWI-1KL168:41:H7GWJADXX:1:1109:4411:29874	63753
AT1G01130	63557	HWI-1KL168:41:H7GWJADXX:1:1104:20628:63331	63753
AT1G01130	63557	HWI-1KL168:41:H7GWJADXX:2:2206:17608:44770	63754
AT1G01130	63557	HWI-1KL168:41:H7GWJADXX:2:2108:6305:28484	63756
AT1G01130	63557	HWI-1KL168:41:H7GWJADXX:1:1102:5972:56738	63760
AT1G01130	63557	HWI-1KL168:41:H7GWJADXX:2:2102:6587:96914	63760
AT1G01130	63557	HWI-1KL168:41:H7GWJADXX:2:2111:18635:63100	63760
AT1G01130	63557	HWI-1KL168:41:H7GWJADXX:2:1204:13726:45896	63762
AT1G01130	63557	HWI-1KL168:41:H7GWJADXX:2:2204:16206:35251	63762
AT1G01130	63557	HWI-1KL168:41:H7GWJADXX:1:2104:21036:88314	63770
AT1G01130	63557	HWI-1KL168:41:H7GWJADXX:2:2112:1329:21001	63771
AT1G01130	63557	HWI-1KL168:41:H7GWJADXX:2:2107:14144:36837	63771
AT1G01130	63557	HWI-1KL168:41:H7GWJADXX:1:1112:2453:48878	63772
AT1G01130	63557	HWI-1KL168:41:H7GWJADXX:2:1112:5462:43066	63782
AT1G01130	63557	HWI-1KL168:41:H7GWJADXX:1:2106:2662:69485	63782
AT1G01130	63557	HWI-1KL168:41:H7GWJADXX:1:1204:14703:10037	63784
AT1G01130	63557	HWI-1KL168:41:H7GWJADXX:1:1214:7162:86100	63787
AT1G01130	63557	HWI-1KL168:41:H7GWJADXX:2:1104:8846:66625	63787
AT1G01130	63557	HWI-1KL168:41:H7GWJADXX:1:2206:21131:49548	63789
AT1G01130	63557	HWI-1KL168:41:H7GWJADXX:1:1207:1411:62999	63797
AT1G01130	63557	HWI-1KL168:41:H7GWJADXX:1:2110:14134:47794	63797
AT1G01130	63557	HWI-1KL168:41:H7GWJADXX:2:2109:18104:50397	63798
AT1G01130	63557	HWI-1KL168:41:H7GWJADXX:2:1208:14167:53450	63800
AT1G01130	63557	HWI-1KL168:41:H7GWJADXX:1:2112:9838:27345	63800
AT1G01130	63557	HWI-1KL168:41:H7GWJADXX:1:1208:14309:27966	63803
AT1G01130	63557	HWI-1KL168:41:H7GWJADXX:2:2210:7036:25003	63803
AT1G01130	63557	HWI-1KL168:41:H7GWJADXX:2:2203:1772:6108	63803
AT1G01130	63557	HWI-1KL168:41:H7GWJADXX:2:1208:15483:64781	63803
AT1G01130	63557	HWI-1KL168:41:H7GWJADXX:2:2110:15738:81247	63807
AT1G01130	63557	HWI-1KL168:41:H7GWJADXX:1:2113:1729:75838	63807
AT1G01130	63557	HWI-1KL168:41:H7GWJADXX:1:1112:10499:78805	63808
AT1G01450	164105	HWI-1KL168:41:H7GWJADXX:2:2203:6687:25351	164236
AT1G01450	164105	HWI-1KL168:41:H7GWJADXX:1:1211:14103:30826	164236
AT1G01450	164105	HWI-1KL168:41:H7GWJADXX:2:1110:3811:29224	164236
AT1G01450	164105	HWI-1KL168:41:H7GWJADXX:1:1104:2632:87097	164236
AT1G01450	164105	HWI-1KL168:41:H7GWJADXX:1:2211:4992:21663	164236
AT1G01450	164105	HWI-1KL168:41:H7GWJADXX:1:2107:4822:31377	164236
AT1G01450	164105	HWI-1KL168:41:H7GWJADXX:2:1212:10602:40114	164236
AT1G01450	164105	HWI-1KL168:41:H7GWJADXX:2:2211:2304:37171	164236
AT1G01450	164105	HWI-1KL168:41:H7GWJADXX:1:1206:4376:36870	164236
AT1G01450	164105	HWI-1KL168:41:H7GWJADXX:2:2111:7212:29582	164238
AT1G01450	164105	HWI-1KL168:41:H7GWJADXX:1:2116:9947:38219	164238
AT1G01450	164105	HWI-1KL168:41:H7GWJADXX:1:1215:17961:51570	164239
AT1G01450	164105	HWI-1KL168:41:H7GWJADXX:2:2212:1266:96502	164239
AT1G01450	164105	HWI-1KL168:41:H7GWJADXX:2:1110:3217:30324	164239
AT1G01450	164105	HWI-1KL168:41:H7GWJADXX:1:1210:18009:67281	164239
AT1G01450	164105	HWI-1KL168:41:H7GWJADXX:1:2209:3445:25548	164239
AT1G01450	164105	HWI-1KL168:41:H7GWJADXX:1:1108:4229:44428	164248
AT1G01450	164105	HWI-1KL168:41:H7GWJADXX:1:2212:12526:2541	164249
AT1G01450	164105	HWI-1KL168:41:H7GWJADXX:1:1211:6477:36646	164249
AT1G01450	164105	HWI-1KL168:41:H7GWJADXX:1:1115:3211:49819	164249
AT1G01450	164105	HWI-1KL168:41:H7GWJADXX:1:2115:10566:79538	164252
AT1G01450	164105	HWI-1KL168:41:H7GWJADXX:1:1113:4872:46940	164259
AT1G01450	164105	HWI-1KL168:41:H7GWJADXX:2:1208:13024:24036	164259
AT1G01450	164105	HWI-1KL168:41:H7GWJADXX:1:1109:13364:56768	164266
AT1G01450	164105	HWI-1KL168:41:H7GWJADXX:1:1211:1349:67597	164266
AT1G01450	164105	HWI-1KL168:41:H7GWJADXX:1:1203:17569:33566	164266
AT1G01450	164105	HWI-1KL168:41:H7GWJADXX:1:1201:15215:96433	164268
AT1G01450	164105	HWI-1KL168:41:H7GWJADXX:2:2208:8985:81029	164269
AT1G01450	164105	MISEQ:81:000000000-A0RAN:1:1107:18220:8543	164275
AT1G01450	164105	HWI-1KL168:41:H7GWJADXX:1:2102:16675:29926	164275
AT1G01450	164105	HWI-1KL168:41:H7GWJADXX:2:1103:15986:74830	164278
AT1G01450	164105	HWI-1KL168:41:H7GWJADXX:1:2107:2672:15595	164280
AT1G01450	164105	HWI-1KL168:41:H7GWJADXX:2:2110:9153:56949	164281
AT1G01450	164105	HWI-1KL168:41:H7GWJADXX:1:2105:11452:53058	164282
AT1G01450	164105	HWI-1KL168:41:H7GWJADXX:1:2115:5221:47632	164291
AT1G01450	164105	HWI-1KL168:41:H7GWJADXX:2:1215:7183:81330	164292
AT1G01450	164105	HWI-1KL168:41:H7GWJADXX:2:2215:12569:7220	164292
AT1G01450	164105	HWI-1KL168:41:H7GWJADXX:1:1201:9547:47293	164299
AT1G01450	164105	HWI-1KL168:41:H7GWJADXX:1:2205:3640:18739	164299
AT1G01450	164105	HWI-1KL168:41:H7GWJADXX:1:1112:16064:49202	164299
AT1G01450	164105	HWI-1KL168:41:H7GWJADXX:1:1207:4284:35507	164299
AT1G01450	164105	HWI-1KL168:41:H7GWJADXX:2:2106:8012:6367	164299
AT1G01450	164105	HWI-1KL168:41:H7GWJADXX:1:1203:8024:91180	164302
AT1G01450	164105	HWI-1KL168:41:H7GWJADXX:1:2106:3916:28816	164302
AT1G01450	164105	HWI-1KL168:41:H7GWJADXX:1:1215:10414:17743	164302
AT1G01450	164105	HWI-1KL168:41:H7GWJADXX:1:2202:12583:29641	164302
AT1G01450	164105	HWI-1KL168:41:H7GWJADXX:2:1110:6181:57129	164302
AT1G01450	164105	HWI-1KL168:41:H7GWJADXX:1:1207:9665:73316	164302
AT1G01450	164105	HWI-1KL168:41:H7GWJADXX:2:2209:3770:45680	164302
AT1G01450	164105	HWI-1KL168:41:H7GWJADXX:1:1204:6086:81657	164302
AT1G01450	164105	HWI-1KL168:41:H7GWJADXX:1:1112:16762:39812	164302
AT1G01450	164105	HWI-1KL168:41:H7GWJADXX:1:2101:9649:89692	164303
AT1G01450	164105	HWI-1KL168:41:H7GWJADXX:2:2109:16113:74016	164304
AT1G01450	164105	HWI-1KL168:41:H7GWJADXX:2:1212:12720:86450	164304
AT1G01450	164105	HWI-1KL168:41:H7GWJADXX:1:2204:9819:5462	164307
AT1G01450	164105	HWI-1KL168:41:H7GWJADXX:2:1202:5507:14986	164307
AT1G01450	164105	HWI-1KL168:41:H7GWJADXX:1:2102:12678:40870	164307
AT1G01450	164105	HWI-1KL168:41:H7GWJADXX:2:2104:11927:17807	164309
AT1G01450	164105	HWI-1KL168:41:H7GWJADXX:2:2205:11910:54532	164315
AT1G01450	164105	HWI-1KL168:41:H7GWJADXX:2:1216:13688:15367	164316
AT1G01450	164105	HWI-1KL168:41:H7GWJADXX:2:1104:15385:14965	164316
AT1G01450	164105	HWI-1KL168:41:H7GWJADXX:1:1101:4349:24369	164317
AT1G01450	164105	HWI-1KL168:41:H7GWJADXX:2:1210:17269:16584	164317
AT1G01450	164105	HWI-1KL168:41:H7GWJADXX:2:2107:1356:35474	164317
AT1G01450	164105	HWI-1KL168:41:H7GWJADXX:2:2210:13783:20934	164317
AT1G01450	164105	HWI-1KL168:41:H7GWJADXX:2:1212:7191:78573	164330
AT1G01450	164105	HWI-1KL168:41:H7GWJADXX:2:2206:9302:27623	164330
AT1G01450	164105	HWI-1KL168:41:H7GWJADXX:1:1210:10598:84746	164330
AT1G01450	164105	HWI-1KL168:41:H7GWJADXX:2:1202:5979:78157	164330
AT1G01450	164105	HWI-1KL168:41:H7GWJADXX:1:2104:3349:21982	164330
AT1G01450	164105	HWI-1KL168:41:H7GWJADXX:1:1103:15942:83459	164330
AT1G01450	164105	HWI-1KL168:41:H7GWJADXX:2:2210:6351:24383	164336
AT1G01450	164105	HWI-1KL168:41:H7GWJADXX:1:2110:4386:5992	164336
AT1G01450	164105	HWI-1KL168:41:H7GWJADXX:1:2101:4763:85023	164336
AT1G01450	164105	HWI-1KL168:41:H7GWJADXX:2:2206:19723:15905	164336
AT1G01450	164105	HWI-1KL168:41:H7GWJADXX:2:2112:7271:22280	164357
AT1G01450	164105	HWI-1KL168:41:H7GWJADXX:1:1205:2251:74163	164357
AT1G01450	164105	HWI-1KL168:41:H7GWJADXX:2:1207:5024:27778	164365
AT1G01450	164105	HWI-1KL168:41:H7GWJADXX:2:1102:18562:45937	164365
AT1G01450	164105	HWI-1KL168:41:H7GWJADXX:1:2202:14868:26641	164366
AT1G01450	164105	HWI-1KL168:41:H7GWJADXX:1:2112:16068:2858	164366
AT1G01450	164105	HWI-1KL168:41:H7GWJADXX:2:1205:19263:7533	164366
AT1G01450	164105	HWI-1KL168:41:H7GWJADXX:2:2102:10465:19193	164366
AT1G01450	164105	HWI-1KL168:41:H7GWJADXX:1:1212:10206:50804	164366
AT1G01450	164105	HWI-1KL168:41:H7GWJADXX:2:2107:10238:54867	164394
AT1G01450	164105	HWI-1KL168:41:H7GWJADXX:1:1102:4169:3789	164394
AT1G01450	164105	HWI-1KL168:41:H7GWJADXX:1:1207:2543:70632	164406
AT1G01450	164105	HWI-1KL168:41:H7GWJADXX:1:1103:21198:65520	164406
AT1G01450	164105	HWI-1KL168:41:H7GWJADXX:1:1210:12007:50261	164408
AT1G01450	164105	HWI-1KL168:41:H7GWJADXX:2:1109:17565:15733	164417
AT1G01450	164105	HWI-1KL168:41:H7GWJADXX:2:2206:9158:62600	164426
AT1G01450	164105	HWI-1KL168:41:H7GWJADXX:2:2206:3036:82638	164426
AT1G01450	164105	HWI-1KL168:41:H7GWJADXX:1:1101:14326:25333	164427
AT1G01450	164105	HWI-1KL168:41:H7GWJADXX:1:2207:21127:62220	164427
AT1G01450	164105	HWI-1KL168:41:H7GWJADXX:1:1203:9289:37501	164427
AT1G01450	164105	HWI-1KL168:41:H7GWJADXX:1:1105:17682:91682	164427
AT1G01450	164105	HWI-1KL168:41:H7GWJADXX:1:1208:20539:66468	164427
AT1G01450	164105	HWI-1KL168:41:H7GWJADXX:2:1215:16772:7118	164427
AT1G01450	164105	HWI-1KL168:41:H7GWJADXX:1:2114:11497:22319	164427
AT1G01450	164105	HWI-1KL168:41:H7GWJADXX:1:2206:10252:38696	164428
AT1G01450	164105	HWI-1KL168:41:H7GWJADXX:1:2215:15428:25173	164428
AT1G01450	164105	HWI-1KL168:41:H7GWJADXX:2:2213:14410:67040	164428
AT1G01450	164105	HWI-1KL168:41:H7GWJADXX:1:1108:9790:36375	164428
AT1G01450	164105	HWI-1KL168:41:H7GWJADXX:1:1202:2463:63752	164428
AT1G01450	164105	HWI-1KL168:41:H7GWJADXX:1:2210:10526:4967	164428
AT1G01450	164105	HWI-1KL168:41:H7GWJADXX:1:1207:2226:55051	164428
AT1G01450	164105	HWI-1KL168:41:H7GWJADXX:1:1209:9359:84448	164428
AT1G01450	164105	HWI-1KL168:41:H7GWJADXX:1:2103:19396:15156	164428
AT1G01450	164105	HWI-1KL168:41:H7GWJADXX:1:1108:11726:75529	164428
AT1G01450	164105	HWI-1KL168:41:H7GWJADXX:1:1106:4711:36797	164428
AT1G01450	164105	HWI-1KL168:41:H7GWJADXX:1:1209:2119:2630	164428
AT1G01450	164105	HWI-1KL168:41:H7GWJADXX:2:1206:8490:6485	164428
AT1G01450	164105	HWI-1KL168:41:H7GWJADXX:1:1205:20795:99902	164428
AT1G01450	164105	HWI-1KL168:41:H7GWJADXX:1:1208:5305:78401	164428
AT1G01450	164105	HWI-1KL168:41:H7GWJADXX:1:1212:12318:45503	164428
AT1G01450	164105	HWI-1KL168:41:H7GWJADXX:1:1101:8120:79935	164428
AT1G01450	164105	HWI-1KL168:41:H7GWJADXX:2:2212:4325:12118	164429
AT1G01450	164105	HWI-1KL168:41:H7GWJADXX:1:2215:11002:3844	164430
AT1G01450	164105	HWI-1KL168:41:H7GWJADXX:1:1107:19190:61450	164430
AT1G01450	164105	HWI-1KL168:41:H7GWJADXX:1:1101:8168:76702	164439
AT1G01450	164105	HWI-1KL168:41:H7GWJADXX:2:1211:11917:81436	164439
AT1G01450	164105	HWI-1KL168:41:H7GWJADXX:2:2113:10175:71621	164439
AT1G01450	164105	HWI-1KL168:41:H7GWJADXX:2:1112:7502:23856	164446
AT1G01450	164105	HWI-1KL168:41:H7GWJADXX:1:2112:3267:41793	164447
AT1G01450	164105	HWI-1KL168:41:H7GWJADXX:2:1206:1676:32945	164451
AT1G01450	164105	HWI-1KL168:41:H7GWJADXX:1:1215:12215:100349	164456
AT1G01450	164105	HWI-1KL168:41:H7GWJADXX:1:1104:18712:17235	164457
AT1G01450	164105	HWI-1KL168:41:H7GWJADXX:1:1214:20074:81524	164457
AT1G01450	164105	HWI-1KL168:41:H7GWJADXX:1:1116:14800:66823	164458
AT1G01450	164105	HWI-1KL168:41:H7GWJADXX:2:1202:7776:13197	164458
AT1G01450	164105	HWI-1KL168:41:H7GWJADXX:1:2105:10518:46653	164458
AT1G01450	164105	HWI-1KL168:41:H7GWJADXX:1:2210:15609:41354	164459
AT1G01450	164105	HWI-1KL168:41:H7GWJADXX:2:1110:13513:42581	164463
AT1G01450	164105	HWI-1KL168:41:H7GWJADXX:2:1204:11643:37514	164473
AT1G01450	164105	HWI-1KL168:41:H7GWJADXX:2:1204:4083:6275	164473
AT1G01450	164105	HWI-1KL168:41:H7GWJADXX:2:2111:6741:9406	164473
AT1G01450	164105	HWI-1KL168:41:H7GWJADXX:2:1212:2444:98545	164476
AT1G01450	164105	HWI-1KL168:41:H7GWJADXX:1:1201:18601:40287	164476
AT1G01450	164105	HWI-1KL168:41:H7GWJADXX:2:1106:18377:78563	164477
AT1G01450	164105	HWI-1KL168:41:H7GWJADXX:1:1115:8885:74695	164490
AT1G01450	164105	HWI-1KL168:41:H7GWJADXX:2:2201:7895:97535	164490
AT1G01450	164105	HWI-1KL168:41:H7GWJADXX:1:1110:7793:21617	164490
AT1G01450	164105	HWI-1KL168:41:H7GWJADXX:1:2201:4207:95052	164490
AT1G01450	164105	HWI-1KL168:41:H7GWJADXX:2:2204:3674:62835	164490
AT1G01450	164105	HWI-1KL168:41:H7GWJADXX:1:2109:18059:86397	164498
AT1G01450	164105	HWI-1KL168:41:H7GWJADXX:2:2103:17044:77917	164506
AT1G01450	164105	HWI-1KL168:41:H7GWJADXX:1:1107:13230:44015	164507
AT1G01450	164105	HWI-1KL168:41:H7GWJADXX:2:1216:12744:13207	164507
AT1G01450	164105	HWI-1KL168:41:H7GWJADXX:2:2102:7376:94467	164507
AT1G01450	164105	HWI-1KL168:41:H7GWJADXX:1:2103:3743:85964	164514
AT1G01450	164105	HWI-1KL168:41:H7GWJADXX:2:1206:18020:14706	164520
AT1G01450	164105	HWI-1KL168:41:H7GWJADXX:2:1110:12138:26780	164530
AT1G01450	164105	HWI-1KL168:41:H7GWJADXX:2:1202:2019:49342	164542
AT1G01450	164105	HWI-1KL168:41:H7GWJADXX:1:1208:11994:11663	164542
AT1G01450	164105	HWI-1KL168:41:H7GWJADXX:2:2113:5290:100650	164554
AT1G01450	164105	HWI-1KL168:41:H7GWJADXX:2:2110:18844:9613	164561
AT1G01450	164105	HWI-1KL168:41:H7GWJADXX:2:2103:14928:30757	164561
AT1G01450	164105	HWI-1KL168:41:H7GWJADXX:2:2107:8911:47950	164562
AT1G01450	164105	HWI-1KL168:41:H7GWJADXX:1:2204:5214:29220	164577
AT1G01450	164105	HWI-1KL168:41:H7GWJADXX:1:2207:18174:70298	164584
AT1G01450	164105	HWI-1KL168:41:H7GWJADXX:2:1214:13109:47972	164584
AT1G01450	164105	HWI-1KL168:41:H7GWJADXX:2:1211:20162:5298	164590
AT1G01450	164105	HWI-1KL168:41:H7GWJADXX:2:2101:7726:63188	164590
AT1G01450	164105	HWI-1KL168:41:H7GWJADXX:1:1113:17737:34616	164590
AT1G01450	164105	HWI-1KL168:41:H7GWJADXX:1:1205:7209:66357	164604
AT1G01450	164105	HWI-1KL168:41:H7GWJADXX:1:2103:11100:97133	164604
AT1G01450	164105	HWI-1KL168:41:H7GWJADXX:1:2108:16247:26101	164607
AT1G01450	164105	HWI-1KL168:41:H7GWJADXX:1:1104:2520:27479	164614
AT1G01450	164105	HWI-1KL168:41:H7GWJADXX:2:1207:4252:46738	164614
AT1G01450	164105	HWI-1KL168:41:H7GWJADXX:2:1101:10398:25386	164615
AT1G01450	164105	HWI-1KL168:41:H7GWJADXX:1:1114:9503:45876	164617
AT1G01450	164105	HWI-1KL168:41:H7GWJADXX:2:2103:2239:42471	164620
AT1G01450	164105	HWI-1KL168:41:H7GWJADXX:2:2215:11266:65158	164623
AT1G01450	164105	HWI-1KL168:41:H7GWJADXX:1:2106:18414:52125	164626
AT1G01450	164105	HWI-1KL168:41:H7GWJADXX:2:2109:17815:83697	164626
AT1G01450	164105	HWI-1KL168:41:H7GWJADXX:2:2204:19368:44106	164626
AT1G01450	164105	HWI-1KL168:41:H7GWJADXX:2:2209:15605:89779	164626
AT1G01450	164105	HWI-1KL168:41:H7GWJADXX:1:1105:20549:33267	164626
AT1G01450	164105	HWI-1KL168:41:H7GWJADXX:2:1204:3943:66042	164626
AT1G01450	164105	HWI-1KL168:41:H7GWJADXX:2:2206:14225:96926	164626
AT1G01450	164105	HWI-1KL168:41:H7GWJADXX:1:2107:4021:61434	164626
AT1G01450	164105	HWI-1KL168:41:H7GWJADXX:2:2214:11449:98175	164626
AT1G01450	164105	HWI-1KL168:41:H7GWJADXX:2:1202:10739:45957	164626
AT1G01450	164105	HWI-1KL168:41:H7GWJADXX:2:1204:17843:4727	164629
AT1G01450	164105	HWI-1KL168:41:H7GWJADXX:1:1102:1229:40751	164629
AT1G01450	164105	HWI-1KL168:41:H7GWJADXX:1:1112:1950:64354	164629
AT1G01450	164105	HWI-1KL168:41:H7GWJADXX:1:1201:9157:53317	164629
AT1G01450	164105	HWI-1KL168:41:H7GWJADXX:2:2202:16360:40613	164629
AT1G01450	164105	HWI-1KL168:41:H7GWJADXX:2:2211:16509:32490	164629
AT1G01450	164105	HWI-1KL168:41:H7GWJADXX:2:1106:9205:7553	164634
AT1G01450	164105	HWI-1KL168:41:H7GWJADXX:2:2210:4743:79766	164636
AT1G01450	164105	HWI-1KL168:41:H7GWJADXX:1:1207:6049:68284	164636
AT1G01450	164105	HWI-1KL168:41:H7GWJADXX:1:2201:15834:32961	164639
AT1G01450	164105	HWI-1KL168:41:H7GWJADXX:1:2207:9272:79444	164646
AT1G01450	164105	HWI-1KL168:41:H7GWJADXX:1:2108:8842:21151	164646
AT1G01450	164105	HWI-1KL168:41:H7GWJADXX:2:1215:20094:85454	164646
AT1G01450	164105	HWI-1KL168:41:H7GWJADXX:1:2101:14703:26509	164646
AT1G01450	164105	HWI-1KL168:41:H7GWJADXX:1:1101:14841:4474	164646
AT1G01450	164105	HWI-1KL168:41:H7GWJADXX:2:2106:4785:48078	164646
AT1G01450	164105	HWI-1KL168:41:H7GWJADXX:1:2110:13126:75393	164646
AT1G01450	164105	HWI-1KL168:41:H7GWJADXX:1:1213:4674:76844	164647
AT1G01450	164105	HWI-1KL168:41:H7GWJADXX:2:2208:13736:51852	164655
AT1G01450	164105	HWI-1KL168:41:H7GWJADXX:1:2203:4811:17459	164656
AT1G01450	164105	HWI-1KL168:41:H7GWJADXX:1:2101:18614:88812	164663
AT1G01450	164105	HWI-1KL168:41:H7GWJADXX:1:2110:15592:30346	164663
AT1G01450	164105	HWI-1KL168:41:H7GWJADXX:2:2211:2923:49759	164664
AT1G01450	164105	HWI-1KL168:41:H7GWJADXX:2:2201:20779:30166	164667
AT1G01450	164105	HWI-1KL168:41:H7GWJADXX:1:1108:8667:17539	164668
AT1G01450	164105	HWI-1KL168:41:H7GWJADXX:1:2105:15366:41318	164673
AT1G01450	164105	HWI-1KL168:41:H7GWJADXX:2:2203:2624:83018	164675
AT1G01450	164105	HWI-1KL168:41:H7GWJADXX:2:2205:16388:80515	164681
AT1G01450	164105	HWI-1KL168:41:H7GWJADXX:1:1207:12982:81600	164683
AT1G01450	164105	HWI-1KL168:41:H7GWJADXX:1:1204:14608:8898	164684
AT1G01450	164105	HWI-1KL168:41:H7GWJADXX:2:2112:4710:28526	164730
AT1G01450	164105	MISEQ:81:000000000-A0RAN:1:1110:26480:18657	164772
AT1G01450	164105	HWI-1KL168:41:H7GWJADXX:1:1104:15331:72482	164776
AT1G01450	164105	HWI-1KL168:41:H7GWJADXX:2:2103:1595:82598	164780
AT1G01450	164105	MISEQ:81:000000000-A0RAN:1:1113:15940:21062	164781
AT1G01450	164105	HWI-1KL168:41:H7GWJADXX:2:1108:12402:84652	164786
AT1G01450	164105	MISEQ:81:000000000-A0RAN:1:1105:9266:22921	164803
AT1G01450	164105	HWI-1KL168:41:H7GWJADXX:1:1109:1824:50769	164810
AT1G01450	164105	HWI-1KL168:41:H7GWJADXX:1:2106:19490:67751	164810
AT1G01450	164105	HWI-1KL168:41:H7GWJADXX:2:1207:20562:32025	164810
AT1G01450	164105	HWI-1KL168:41:H7GWJADXX:1:2112:7786:45848	164815
AT1G01450	164105	HWI-1KL168:41:H7GWJADXX:2:2106:7670:67424	164815
AT1G01450	164105	HWI-1KL168:41:H7GWJADXX:1:1202:12879:63153	164815
AT1G01450	164105	HWI-1KL168:41:H7GWJADXX:2:1115:10609:7963	164816
AT1G01450	164105	HWI-1KL168:41:H7GWJADXX:2:2102:21309:15532	164822
AT1G01450	164105	HWI-1KL168:41:H7GWJADXX:2:1211:5468:63557	164822
AT1G01450	164105	HWI-1KL168:41:H7GWJADXX:1:2215:5555:72996	164823
AT1G01450	164105	HWI-1KL168:41:H7GWJADXX:2:2207:16325:64352	164823
AT1G01450	164105	HWI-1KL168:41:H7GWJADXX:2:2208:7905:48213	164823
AT1G01450	164105	HWI-1KL168:41:H7GWJADXX:2:1208:11561:63904	164823
AT1G01450	164105	HWI-1KL168:41:H7GWJADXX:2:2208:6125:78182	164824
AT1G01450	164105	HWI-1KL168:41:H7GWJADXX:2:1107:5915:29355	164825
AT1G01450	164105	HWI-1KL168:41:H7GWJADXX:2:2108:14798:97119	164826
AT1G01450	164105	HWI-1KL168:41:H7GWJADXX:1:2205:9090:46682	164827
AT1G01450	164105	HWI-1KL168:41:H7GWJADXX:2:2102:12483:85895	164832
AT1G01450	164105	HWI-1KL168:41:H7GWJADXX:2:1106:15023:23378	164836
AT1G01450	164105	HWI-1KL168:41:H7GWJADXX:1:1211:5938:40034	164836
AT1G01450	164105	HWI-1KL168:41:H7GWJADXX:1:1114:7300:59171	164838
AT1G01450	164105	HWI-1KL168:41:H7GWJADXX:1:2209:14037:87020	164844
AT1G01450	164105	HWI-1KL168:41:H7GWJADXX:2:2201:5124:37275	164844
AT1G01450	164105	HWI-1KL168:41:H7GWJADXX:2:2104:20672:31010	164845
AT1G01450	164105	HWI-1KL168:41:H7GWJADXX:1:2206:16947:99028	164857
AT1G01450	164105	HWI-1KL168:41:H7GWJADXX:2:1111:11110:55136	164857
AT1G01450	164105	HWI-1KL168:41:H7GWJADXX:2:1204:5010:77529	164857
AT1G01450	164105	HWI-1KL168:41:H7GWJADXX:2:1209:16396:53933	164860
AT1G01450	164105	HWI-1KL168:41:H7GWJADXX:2:2206:20686:92300	164860
AT1G01450	164105	HWI-1KL168:41:H7GWJADXX:2:2204:9576:70862	164863
AT1G01450	164105	HWI-1KL168:41:H7GWJADXX:1:1109:1568:5710	164864
AT1G01450	164105	HWI-1KL168:41:H7GWJADXX:2:2108:5007:3011	164873
AT1G01450	164105	HWI-1KL168:41:H7GWJADXX:2:2105:13174:69904	164880
AT1G01450	164105	HWI-1KL168:41:H7GWJADXX:2:1212:9687:36601	164880
AT1G01450	164105	MISEQ:81:000000000-A0RAN:1:2114:22118:19603	164894
AT1G01450	164105	HWI-1KL168:41:H7GWJADXX:1:1204:10823:17557	164896
AT1G01450	164105	HWI-1KL168:41:H7GWJADXX:1:2205:10766:65945	164900
AT1G01450	164105	HWI-1KL168:41:H7GWJADXX:2:2103:7928:98625	164931
AT1G01450	164105	HWI-1KL168:41:H7GWJADXX:2:2206:7351:58675	164946
AT1G01450	164105	HWI-1KL168:41:H7GWJADXX:2:1211:17937:23256	164946
AT1G01450	164105	HWI-1KL168:41:H7GWJADXX:2:1204:5868:10210	164947
AT1G01450	164105	HWI-1KL168:41:H7GWJADXX:1:2108:13283:55424	164986
AT1G01450	164105	HWI-1KL168:41:H7GWJADXX:1:1111:1158:66091	164997
AT1G01450	164105	HWI-1KL168:41:H7GWJADXX:2:2201:16872:93814	164997
AT1G01450	164105	HWI-1KL168:41:H7GWJADXX:2:2214:18350:65385	165003
AT1G01450	164105	HWI-1KL168:41:H7GWJADXX:1:1210:14563:20874	165004
AT1G01450	164105	HWI-1KL168:41:H7GWJADXX:2:1109:2931:10236	165009
AT1G01450	164105	HWI-1KL168:41:H7GWJADXX:1:2112:10101:21277	165010
AT1G01450	164105	HWI-1KL168:41:H7GWJADXX:2:1108:2744:14978	165010
AT1G01450	164105	HWI-1KL168:41:H7GWJADXX:1:1114:7222:22828	165012
AT1G01450	164105	HWI-1KL168:41:H7GWJADXX:1:1104:12247:65199	165013
AT1G01450	164105	HWI-1KL168:41:H7GWJADXX:1:2110:11770:17440	165013
AT1G01450	164105	HWI-1KL168:41:H7GWJADXX:2:2205:20238:2478	165013
AT1G01450	164105	HWI-1KL168:41:H7GWJADXX:2:1104:7186:83369	165015
AT1G01450	164105	HWI-1KL168:41:H7GWJADXX:1:2115:12181:37664	165015
AT1G01450	164105	HWI-1KL168:41:H7GWJADXX:2:1109:9597:89824	165016
AT1G01450	164105	HWI-1KL168:41:H7GWJADXX:1:1103:6232:2331	165018
AT1G01450	164105	HWI-1KL168:41:H7GWJADXX:2:1213:11993:85807	165022
AT1G01450	164105	HWI-1KL168:41:H7GWJADXX:1:2211:7961:64022	165023
AT1G01450	164105	HWI-1KL168:41:H7GWJADXX:2:2114:9049:85287	165023
AT1G01450	164105	HWI-1KL168:41:H7GWJADXX:2:1105:7058:72732	165023
AT1G01450	164105	HWI-1KL168:41:H7GWJADXX:1:1216:6580:61853	165023
AT1G01450	164105	HWI-1KL168:41:H7GWJADXX:1:2109:6302:95140	165023
AT1G01450	164105	HWI-1KL168:41:H7GWJADXX:1:1206:8533:82454	165026
AT1G01450	164105	HWI-1KL168:41:H7GWJADXX:1:1112:12926:56321	165030
AT1G01450	164105	HWI-1KL168:41:H7GWJADXX:1:1201:20879:92281	165037
AT1G01450	164105	HWI-1KL168:41:H7GWJADXX:2:1112:7472:13049	165037
AT1G01450	164105	HWI-1KL168:41:H7GWJADXX:2:2210:5481:28925	165046
AT1G01450	164105	HWI-1KL168:41:H7GWJADXX:1:2113:5868:91315	165048
AT1G01450	164105	HWI-1KL168:41:H7GWJADXX:1:1114:8626:84872	165051
AT1G01450	164105	HWI-1KL168:41:H7GWJADXX:1:2202:20662:15942	165051
AT1G01450	164105	HWI-1KL168:41:H7GWJADXX:1:1106:6771:16725	165067
AT1G01450	164105	HWI-1KL168:41:H7GWJADXX:2:1108:12110:85060	165069
AT1G01450	164105	HWI-1KL168:41:H7GWJADXX:1:1211:14891:79674	165075
AT1G01450	164105	HWI-1KL168:41:H7GWJADXX:1:2207:15324:50034	165075
AT1G01450	164105	HWI-1KL168:41:H7GWJADXX:2:2204:6939:27828	165078
AT1G01450	164105	HWI-1KL168:41:H7GWJADXX:1:2208:1904:76144	165083
AT1G01450	164105	HWI-1KL168:41:H7GWJADXX:1:2202:12860:25108	165091
AT1G01450	164105	HWI-1KL168:41:H7GWJADXX:1:2107:16094:17540	165093
AT1G01450	164105	HWI-1KL168:41:H7GWJADXX:2:2212:18176:74463	165093
AT1G01450	164105	HWI-1KL168:41:H7GWJADXX:1:1208:11868:89403	165093
AT1G01450	164105	HWI-1KL168:41:H7GWJADXX:1:2111:7690:9653	165093
AT1G01450	164105	HWI-1KL168:41:H7GWJADXX:1:1203:18474:56332	165094
AT1G01450	164105	HWI-1KL168:41:H7GWJADXX:2:2104:11376:74503	165096
AT1G01450	164105	HWI-1KL168:41:H7GWJADXX:2:1106:12975:91015	165096
AT1G01450	164105	HWI-1KL168:41:H7GWJADXX:2:1101:3811:91591	165097
AT1G01450	164105	HWI-1KL168:41:H7GWJADXX:1:2108:12532:70886	165099
AT1G01450	164105	HWI-1KL168:41:H7GWJADXX:1:2215:19789:20927	165102
AT1G01450	164105	HWI-1KL168:41:H7GWJADXX:2:2101:6102:44967	165104
AT1G01450	164105	HWI-1KL168:41:H7GWJADXX:1:1208:20041:31016	165109
AT1G01450	164105	HWI-1KL168:41:H7GWJADXX:2:2205:15586:86793	165112
AT1G01450	164105	HWI-1KL168:41:H7GWJADXX:1:2202:14493:53814	165123
AT1G01450	164105	HWI-1KL168:41:H7GWJADXX:2:2111:14687:14065	165123
AT1G01450	164105	HWI-1KL168:41:H7GWJADXX:2:1215:16583:36141	165138
AT1G01450	164105	HWI-1KL168:41:H7GWJADXX:2:2203:21326:74774	165138
AT1G01450	164105	HWI-1KL168:41:H7GWJADXX:2:2103:6285:57669	165139
AT1G01450	164105	HWI-1KL168:41:H7GWJADXX:1:2112:21297:35379	165146
AT1G01450	164105	HWI-1KL168:41:H7GWJADXX:2:1215:8332:57666	165152
AT1G01450	164105	HWI-1KL168:41:H7GWJADXX:1:1107:4542:57480	165153
AT1G01450	164105	HWI-1KL168:41:H7GWJADXX:2:2201:5409:83278	165153
AT1G01450	164105	HWI-1KL168:41:H7GWJADXX:1:2108:15633:74630	165158
AT1G01450	164105	HWI-1KL168:41:H7GWJADXX:2:2203:20894:35674	165158
AT1G01450	164105	HWI-1KL168:41:H7GWJADXX:2:2204:20493:71161	165160
AT1G01450	164105	HWI-1KL168:41:H7GWJADXX:2:1214:11830:61524	165160
AT1G01450	164105	HWI-1KL168:41:H7GWJADXX:1:2209:10653:29097	165160
AT1G01450	164105	HWI-1KL168:41:H7GWJADXX:2:2107:12942:49352	165165
AT1G01450	164105	HWI-1KL168:41:H7GWJADXX:1:1203:15346:60384	165169
AT1G01450	164105	HWI-1KL168:41:H7GWJADXX:1:1216:8199:67837	165173
AT1G01450	164105	HWI-1KL168:41:H7GWJADXX:2:1116:6797:79592	165176
AT1G01450	164105	HWI-1KL168:41:H7GWJADXX:1:2216:4106:92293	165180
AT1G01450	164105	HWI-1KL168:41:H7GWJADXX:2:2104:12190:44992	165182
AT1G01450	164105	HWI-1KL168:41:H7GWJADXX:1:2106:7037:34896	165182
AT1G01450	164105	HWI-1KL168:41:H7GWJADXX:2:1209:20228:78242	165182
AT1G01450	164105	HWI-1KL168:41:H7GWJADXX:1:1211:13145:48149	165183
AT1G01450	164105	HWI-1KL168:41:H7GWJADXX:2:1205:14355:68785	165190
AT1G01450	164105	HWI-1KL168:41:H7GWJADXX:1:2107:3946:62958	165191
AT1G01450	164105	HWI-1KL168:41:H7GWJADXX:1:1105:5185:90221	165191
AT1G01450	164105	HWI-1KL168:41:H7GWJADXX:1:2209:19960:67804	165193
AT1G01450	164105	HWI-1KL168:41:H7GWJADXX:1:2216:6572:58391	165193
AT1G01450	164105	HWI-1KL168:41:H7GWJADXX:2:1104:11028:77248	165196
AT1G01450	164105	HWI-1KL168:41:H7GWJADXX:2:2202:2366:50378	165200
AT1G01450	164105	HWI-1KL168:41:H7GWJADXX:1:2111:16216:55059	165205
AT1G01450	164105	HWI-1KL168:41:H7GWJADXX:1:1108:17170:84512	165208
AT1G01450	164105	HWI-1KL168:41:H7GWJADXX:1:2108:6057:32307	165211
AT1G01450	164105	HWI-1KL168:41:H7GWJADXX:1:1104:6842:55000	165214
AT1G01450	164105	HWI-1KL168:41:H7GWJADXX:1:1109:12865:34900	165214
AT1G01450	164105	HWI-1KL168:41:H7GWJADXX:1:2202:8571:99207	165214
AT1G01450	164105	HWI-1KL168:41:H7GWJADXX:2:1212:9966:19186	165214
AT1G01450	164105	HWI-1KL168:41:H7GWJADXX:2:2201:21309:10561	165214
AT1G01450	164105	HWI-1KL168:41:H7GWJADXX:2:2203:12325:22401	165214
AT1G01450	164105	HWI-1KL168:41:H7GWJADXX:2:1208:19097:28524	165214
AT1G01450	164105	HWI-1KL168:41:H7GWJADXX:1:1109:17033:17127	165217
AT1G01450	164105	HWI-1KL168:41:H7GWJADXX:2:2114:9229:74799	165217
AT1G01450	164105	HWI-1KL168:41:H7GWJADXX:2:2205:1569:85637	165218
AT1G01450	164105	HWI-1KL168:41:H7GWJADXX:1:1102:8850:74726	165223
AT1G01450	164105	HWI-1KL168:41:H7GWJADXX:2:1107:11058:10970	165228
AT1G01450	164105	HWI-1KL168:41:H7GWJADXX:1:2106:1632:54541	165235
AT1G01450	164105	HWI-1KL168:41:H7GWJADXX:2:2201:17341:73099	165242
AT1G01450	164105	HWI-1KL168:41:H7GWJADXX:1:2110:10988:98869	165242
AT1G01450	164105	HWI-1KL168:41:H7GWJADXX:1:1104:15397:57761	165242
AT1G01450	164105	HWI-1KL168:41:H7GWJADXX:2:1206:6324:48649	165242
AT1G01450	164105	HWI-1KL168:41:H7GWJADXX:2:2213:2857:17920	165242
AT1G01450	164105	HWI-1KL168:41:H7GWJADXX:1:1106:10876:76080	165242
AT1G01450	164105	HWI-1KL168:41:H7GWJADXX:1:1106:10346:63831	165242
AT1G01450	164105	HWI-1KL168:41:H7GWJADXX:1:2206:2949:34414	165242
AT1G01450	164105	HWI-1KL168:41:H7GWJADXX:1:1109:11001:65810	165242
AT1G01450	164105	HWI-1KL168:41:H7GWJADXX:1:2211:6502:46067	165243
AT1G01450	164105	HWI-1KL168:41:H7GWJADXX:2:2109:20632:80882	165243
AT1G01450	164105	HWI-1KL168:41:H7GWJADXX:1:1112:13445:14240	165246
AT1G01450	164105	HWI-1KL168:41:H7GWJADXX:2:1116:5918:39485	165246
AT1G01450	164105	HWI-1KL168:41:H7GWJADXX:1:1204:8370:56132	165249
AT1G01450	164105	HWI-1KL168:41:H7GWJADXX:2:2107:4688:29336	165249
AT1G01450	164105	HWI-1KL168:41:H7GWJADXX:2:1202:7325:100676	165252
AT1G01450	164105	HWI-1KL168:41:H7GWJADXX:1:1208:6790:44868	165253
AT1G01450	164105	HWI-1KL168:41:H7GWJADXX:2:1113:17781:47395	165253
AT1G01450	164105	HWI-1KL168:41:H7GWJADXX:1:1207:2659:80623	165255
AT1G01450	164105	HWI-1KL168:41:H7GWJADXX:1:2211:13507:43037	165256
AT1G01450	164105	HWI-1KL168:41:H7GWJADXX:1:1116:19573:42551	165261
AT1G01450	164105	HWI-1KL168:41:H7GWJADXX:1:1108:7478:96269	165261
AT1G01450	164105	HWI-1KL168:41:H7GWJADXX:1:2206:1209:18218	165261
AT1G01450	164105	HWI-1KL168:41:H7GWJADXX:2:1109:17387:54647	165263
AT1G01450	164105	HWI-1KL168:41:H7GWJADXX:1:2104:6671:30533	165263
AT1G01450	164105	HWI-1KL168:41:H7GWJADXX:1:2110:10276:83574	165266
AT1G01450	164105	HWI-1KL168:41:H7GWJADXX:2:2106:13120:19787	165269
AT1G01450	164105	HWI-1KL168:41:H7GWJADXX:1:2216:8789:84220	165270
AT1G01450	164105	HWI-1KL168:41:H7GWJADXX:2:2103:7845:24343	165270
AT1G01450	164105	HWI-1KL168:41:H7GWJADXX:1:1207:2635:93222	165276
AT1G01450	164105	HWI-1KL168:41:H7GWJADXX:1:2216:10271:30978	165276
AT1G01450	164105	HWI-1KL168:41:H7GWJADXX:1:2102:21307:59137	165276
AT1G01450	164105	HWI-1KL168:41:H7GWJADXX:1:1105:20556:48181	165294
AT1G01450	164105	HWI-1KL168:41:H7GWJADXX:2:1208:18101:88966	165295
AT1G01450	164105	HWI-1KL168:41:H7GWJADXX:1:1109:20004:42992	165297
AT1G01450	164105	HWI-1KL168:41:H7GWJADXX:2:2202:4774:88879	165308
AT1G01450	164105	HWI-1KL168:41:H7GWJADXX:1:2115:10381:14440	165318
AT1G01450	164105	HWI-1KL168:41:H7GWJADXX:2:1213:10884:72390	165318
AT1G01450	164105	HWI-1KL168:41:H7GWJADXX:2:2209:14894:49302	165318
AT1G01450	164105	HWI-1KL168:41:H7GWJADXX:2:1213:13935:4602	165318
AT1G01450	164105	HWI-1KL168:41:H7GWJADXX:2:2205:5495:8582	165341
AT1G01450	164105	HWI-1KL168:41:H7GWJADXX:2:2212:7232:60385	165342
AT1G01450	164105	HWI-1KL168:41:H7GWJADXX:2:1208:13955:25798	165343
AT1G01450	164105	HWI-1KL168:41:H7GWJADXX:1:1115:8114:46565	165343
AT1G01450	164105	HWI-1KL168:41:H7GWJADXX:1:2203:1083:8268	165346
AT1G01450	164105	HWI-1KL168:41:H7GWJADXX:2:1107:8419:90248	165346
AT1G01450	164105	HWI-1KL168:41:H7GWJADXX:1:1112:20237:75505	165347
AT1G01450	164105	HWI-1KL168:41:H7GWJADXX:2:2109:19093:40761	165351
AT1G01450	164105	HWI-1KL168:41:H7GWJADXX:1:1108:4537:81015	165356
AT1G01450	164105	HWI-1KL168:41:H7GWJADXX:2:2206:6205:37181	165356
AT1G01450	164105	HWI-1KL168:41:H7GWJADXX:2:2209:19220:83649	165357
AT1G01450	164105	HWI-1KL168:41:H7GWJADXX:1:2107:19012:54472	165357
AT1G01450	164105	HWI-1KL168:41:H7GWJADXX:1:1105:10511:66274	165361
AT1G01450	164105	HWI-1KL168:41:H7GWJADXX:1:2207:20957:97993	165361
AT1G01450	164105	HWI-1KL168:41:H7GWJADXX:2:2209:16024:36488	165361
AT1G01450	164105	HWI-1KL168:41:H7GWJADXX:1:1104:6746:53153	165364
AT1G01450	164105	HWI-1KL168:41:H7GWJADXX:1:1110:21144:85261	165370
AT1G01450	164105	HWI-1KL168:41:H7GWJADXX:1:2206:13991:19243	165371
AT1G01450	164105	HWI-1KL168:41:H7GWJADXX:2:2201:13860:71024	165375
AT1G01450	164105	HWI-1KL168:41:H7GWJADXX:2:1216:3471:17853	165379
AT1G01450	164105	HWI-1KL168:41:H7GWJADXX:1:2210:8077:93977	165379
AT1G01450	164105	HWI-1KL168:41:H7GWJADXX:1:1105:4484:100077	165387
AT1G01450	164105	HWI-1KL168:41:H7GWJADXX:1:2208:18278:81092	165402
AT1G01450	164105	HWI-1KL168:41:H7GWJADXX:1:2108:6402:19397	165407
AT1G01450	164105	MISEQ:81:000000000-A0RAN:1:2101:18900:2953	165415
AT1G01450	164105	HWI-1KL168:41:H7GWJADXX:1:1202:11607:42363	165416
AT1G01450	164105	HWI-1KL168:41:H7GWJADXX:1:2201:5983:20376	165425
AT1G01450	164105	HWI-1KL168:41:H7GWJADXX:2:2211:7465:85240	165434
AT1G01450	164105	HWI-1KL168:41:H7GWJADXX:1:2101:7179:63146	165442
AT1G01450	164105	HWI-1KL168:41:H7GWJADXX:1:1213:12871:15053	165450
AT1G01450	164105	HWI-1KL168:41:H7GWJADXX:2:2112:5887:33895	165450
AT1G01450	164105	HWI-1KL168:41:H7GWJADXX:1:2108:20943:34905	165452
AT1G01450	164105	HWI-1KL168:41:H7GWJADXX:2:1104:12974:49188	165452
AT1G01450	164105	HWI-1KL168:41:H7GWJADXX:2:2207:14987:73830	165452
AT1G01450	164105	HWI-1KL168:41:H7GWJADXX:1:1211:3670:14469	165453
AT1G01450	164105	HWI-1KL168:41:H7GWJADXX:2:2209:8770:62184	165457
AT1G01450	164105	HWI-1KL168:41:H7GWJADXX:2:2211:13358:56951	165457
AT1G01450	164105	HWI-1KL168:41:H7GWJADXX:1:2205:9502:55283	165457
AT1G01450	164105	HWI-1KL168:41:H7GWJADXX:2:2210:18052:65203	165460
AT1G01450	164105	HWI-1KL168:41:H7GWJADXX:2:1106:8269:13698	165464
AT1G01450	164105	HWI-1KL168:41:H7GWJADXX:2:2103:4386:15062	165464
AT1G01450	164105	HWI-1KL168:41:H7GWJADXX:1:2115:15126:39646	165464
AT1G01450	164105	HWI-1KL168:41:H7GWJADXX:2:2214:11349:58215	165464
AT1G01450	164105	HWI-1KL168:41:H7GWJADXX:1:1109:6092:87917	165468
AT1G01450	164105	HWI-1KL168:41:H7GWJADXX:1:2106:18197:19670	165468
AT1G01450	164105	HWI-1KL168:41:H7GWJADXX:1:2107:17082:27797	165468
AT1G01450	164105	HWI-1KL168:41:H7GWJADXX:2:1103:4118:64286	165468
AT1G01450	164105	HWI-1KL168:41:H7GWJADXX:1:1108:2964:30283	165468
AT1G01450	164105	HWI-1KL168:41:H7GWJADXX:2:1107:1332:71121	165468
AT1G01450	164105	HWI-1KL168:41:H7GWJADXX:1:2109:16814:76144	165469
AT1G01450	164105	HWI-1KL168:41:H7GWJADXX:1:2104:21255:12237	165469
AT1G01450	164105	HWI-1KL168:41:H7GWJADXX:2:2102:19985:80713	165469
AT1G01450	164105	HWI-1KL168:41:H7GWJADXX:1:2107:15442:37138	165478
AT1G01450	164105	HWI-1KL168:41:H7GWJADXX:2:2210:15316:32781	165478
AT1G01450	164105	HWI-1KL168:41:H7GWJADXX:2:1102:8705:34398	165483
AT1G01450	164105	HWI-1KL168:41:H7GWJADXX:1:1203:21068:86251	165488
AT1G01450	164105	HWI-1KL168:41:H7GWJADXX:2:1110:17527:91020	165488
AT1G01450	164105	HWI-1KL168:41:H7GWJADXX:2:1106:16538:9571	165488
AT1G01450	164105	HWI-1KL168:41:H7GWJADXX:2:2102:9040:82093	165492
AT1G01450	164105	HWI-1KL168:41:H7GWJADXX:1:1109:12706:40818	165498
AT1G01450	164105	HWI-1KL168:41:H7GWJADXX:2:1101:12092:86179	165498
AT1G01450	164105	HWI-1KL168:41:H7GWJADXX:2:1205:9220:37406	165498
AT1G01450	164105	HWI-1KL168:41:H7GWJADXX:2:2205:5263:80285	165498
AT1G01450	164105	HWI-1KL168:41:H7GWJADXX:1:2205:4090:36392	165498
AT1G01450	164105	HWI-1KL168:41:H7GWJADXX:1:1104:13866:9044	165498
AT1G01450	164105	HWI-1KL168:41:H7GWJADXX:1:1103:16179:10231	165498
AT1G01450	164105	HWI-1KL168:41:H7GWJADXX:2:2111:2097:69888	165499
AT1G01450	164105	HWI-1KL168:41:H7GWJADXX:2:1209:17649:47525	165500
AT1G01450	164105	HWI-1KL168:41:H7GWJADXX:2:2111:14393:93135	165501
AT1G01450	164105	HWI-1KL168:41:H7GWJADXX:1:2213:12505:55056	165506
AT1G01450	164105	HWI-1KL168:41:H7GWJADXX:1:1101:19348:71476	165508
